YEAR_ID,ORDERDATE,QTR_ID,DEALSIZE,COUNTRY,PRODUCTLINE,SALES,Conteo_Ordenes,Venta_Promedio
2003,1/10/2003 0:00,1,Medium,USA,Vintage Cars,4808.31,1,4808.31
2003,1/10/2003 0:00,1,Small,USA,Vintage Cars,2055.74,1,2055.74
2003,1/29/2003 0:00,1,Medium,Norway,Classic Cars,4460.82,1,4460.82
2003,1/29/2003 0:00,1,Medium,Norway,Classic Cars,5398.26,1,5398.26
2003,1/29/2003 0:00,1,Medium,Norway,Classic Cars,5404.62,1,5404.62
2003,1/29/2003 0:00,1,Medium,Norway,Trucks and Buses,3224.31,1,3224.31
2003,1/29/2003 0:00,1,Medium,Norway,Trucks and Buses,3394.98,1,3394.98
2003,1/29/2003 0:00,1,Medium,Norway,Trucks and Buses,3403.35,1,3403.35
2003,1/29/2003 0:00,1,Medium,Norway,Trucks and Buses,3680.28,1,3680.28
2003,1/29/2003 0:00,1,Medium,Norway,Trucks and Buses,3920.0,1,3920.0
2003,1/29/2003 0:00,1,Medium,Norway,Trucks and Buses,4228.2,1,4228.2
2003,1/29/2003 0:00,1,Medium,Norway,Vintage Cars,4791.82,1,4791.82
2003,1/29/2003 0:00,1,Small,Norway,Trucks and Buses,1189.98,1,1189.98
2003,1/29/2003 0:00,1,Small,Norway,Vintage Cars,1938.89,1,1938.89
2003,1/29/2003 0:00,1,Small,Norway,Vintage Cars,2011.1,1,2011.1
2003,1/29/2003 0:00,1,Small,Norway,Vintage Cars,2242.89,1,2242.89
2003,1/29/2003 0:00,1,Small,Norway,Vintage Cars,2539.5,1,2539.5
2003,1/29/2003 0:00,1,Small,Norway,Vintage Cars,2873.0,1,2873.0
2003,1/6/2003 0:00,1,Medium,USA,Vintage Cars,3390.0,1,3390.0
2003,1/6/2003 0:00,1,Medium,USA,Vintage Cars,5151.0,1,5151.0
2003,1/6/2003 0:00,1,Small,USA,Vintage Cars,1689.03,1,1689.03
2003,1/6/2003 0:00,1,Small,USA,Vintage Cars,1903.22,1,1903.22
2003,10/10/2003 0:00,4,Large,USA,Classic Cars,8296.35,1,8296.35
2003,10/10/2003 0:00,4,Medium,USA,Classic Cars,3490.0,1,3490.0
2003,10/10/2003 0:00,4,Medium,USA,Classic Cars,3638.0,1,3638.0
2003,10/10/2003 0:00,4,Medium,USA,Classic Cars,4618.88,1,4618.88
2003,10/10/2003 0:00,4,Medium,USA,Motorcycles,4132.7,1,4132.7
2003,10/10/2003 0:00,4,Medium,USA,Motorcycles,5016.83,1,5016.83
2003,10/10/2003 0:00,4,Medium,USA,Motorcycles,5205.27,1,5205.27
2003,10/10/2003 0:00,4,Medium,USA,Motorcycles,5355.68,1,5355.68
2003,10/10/2003 0:00,4,Medium,USA,Motorcycles,6238.84,1,6238.84
2003,10/10/2003 0:00,4,Small,Norway,Motorcycles,1474.66,1,1474.66
2003,10/10/2003 0:00,4,Small,USA,Classic Cars,1543.3,1,1543.3
2003,10/10/2003 0:00,4,Small,USA,Classic Cars,1705.41,1,1705.41
2003,10/10/2003 0:00,4,Small,USA,Classic Cars,1762.08,1,1762.08
2003,10/10/2003 0:00,4,Small,USA,Motorcycles,1239.0,1,1239.0
2003,10/10/2003 0:00,4,Small,USA,Motorcycles,1357.86,1,1357.86
2003,10/10/2003 0:00,4,Small,USA,Motorcycles,2162.16,1,2162.16
2003,10/10/2003 0:00,4,Small,USA,Motorcycles,2169.18,1,2169.18
2003,10/10/2003 0:00,4,Small,USA,Motorcycles,2219.6,1,2219.6
2003,10/10/2003 0:00,4,Small,USA,Motorcycles,2347.15,1,2347.15
2003,10/17/2003 0:00,4,Medium,Denmark,Classic Cars,3148.2,1,3148.2
2003,10/17/2003 0:00,4,Medium,Denmark,Classic Cars,3187.8,1,3187.8
2003,10/17/2003 0:00,4,Medium,Denmark,Classic Cars,3764.88,1,3764.88
2003,10/17/2003 0:00,4,Medium,Denmark,Classic Cars,5544.0,1,5544.0
2003,10/17/2003 0:00,4,Medium,Denmark,Classic Cars,6145.44,1,6145.44
2003,10/17/2003 0:00,4,Medium,Denmark,Classic Cars,6153.73,1,6153.73
2003,10/17/2003 0:00,4,Small,Denmark,Classic Cars,1226.59,1,1226.59
2003,10/17/2003 0:00,4,Small,Denmark,Classic Cars,1541.0,1,1541.0
2003,10/17/2003 0:00,4,Small,Denmark,Classic Cars,2013.5,1,2013.5
2003,10/17/2003 0:00,4,Small,Denmark,Classic Cars,2144.6,1,2144.6
2003,10/17/2003 0:00,4,Small,Denmark,Classic Cars,2692.12,1,2692.12
2003,10/17/2003 0:00,4,Small,Denmark,Classic Cars,2759.75,1,2759.75
2003,10/18/2003 0:00,4,Large,USA,Vintage Cars,7209.12,1,7209.12
2003,10/18/2003 0:00,4,Medium,USA,Vintage Cars,3912.09,1,3912.09
2003,10/18/2003 0:00,4,Medium,USA,Vintage Cars,4299.7,1,4299.7
2003,10/18/2003 0:00,4,Medium,USA,Vintage Cars,4389.12,1,4389.12
2003,10/18/2003 0:00,4,Medium,USA,Vintage Cars,5176.5,1,5176.5
2003,10/18/2003 0:00,4,Small,USA,Vintage Cars,1007.14,1,1007.14
2003,10/18/2003 0:00,4,Small,USA,Vintage Cars,1442.26,1,1442.26
2003,10/18/2003 0:00,4,Small,USA,Vintage Cars,1560.47,1,1560.47
2003,10/18/2003 0:00,4,Small,USA,Vintage Cars,1879.74,1,1879.74
2003,10/18/2003 0:00,4,Small,USA,Vintage Cars,2304.45,1,2304.45
2003,10/2/2003 0:00,4,Small,USA,Ships,2315.88,1,2315.88
2003,10/2/2003 0:00,4,Small,USA,Vintage Cars,2826.27,1,2826.27
2003,10/20/2003 0:00,4,Medium,USA,Classic Cars,4860.24,1,4860.24
2003,10/20/2003 0:00,4,Medium,USA,Vintage Cars,3329.09,1,3329.09
2003,10/20/2003 0:00,4,Medium,USA,Vintage Cars,3358.08,1,3358.08
2003,10/20/2003 0:00,4,Medium,USA,Vintage Cars,3845.1,1,3845.1
2003,10/20/2003 0:00,4,Medium,USA,Vintage Cars,4900.8,1,4900.8
2003,10/20/2003 0:00,4,Medium,USA,Vintage Cars,4991.44,1,4991.44
2003,10/21/2003 0:00,4,Medium,Austria,Classic Cars,3195.27,1,3195.27
2003,10/21/2003 0:00,4,Medium,Austria,Classic Cars,3536.82,1,3536.82
2003,10/21/2003 0:00,4,Medium,Austria,Trucks and Buses,3570.12,1,3570.12
2003,10/21/2003 0:00,4,Medium,Austria,Trucks and Buses,5012.55,1,5012.55
2003,10/21/2003 0:00,4,Medium,Austria,Trucks and Buses,6563.06,1,6563.06
2003,10/21/2003 0:00,4,Medium,USA,Ships,3013.97,1,3013.97
2003,10/21/2003 0:00,4,Medium,USA,Vintage Cars,6930.74,1,6930.74
2003,10/21/2003 0:00,4,Small,Austria,Trucks and Buses,2634.96,1,2634.96
2003,10/21/2003 0:00,4,Small,Austria,Trucks and Buses,2692.06,1,2692.06
2003,10/21/2003 0:00,4,Small,Austria,Vintage Cars,1345.75,1,1345.75
2003,10/21/2003 0:00,4,Small,USA,Vintage Cars,1916.98,1,1916.98
2003,10/23/2003 0:00,4,Medium,Sweden,Classic Cars,5924.16,1,5924.16
2003,10/23/2003 0:00,4,Medium,Sweden,Planes,5763.72,1,5763.72
2003,10/23/2003 0:00,4,Medium,Sweden,Ships,3003.0,1,3003.0
2003,10/23/2003 0:00,4,Medium,Sweden,Ships,3225.06,1,3225.06
2003,10/23/2003 0:00,4,Medium,Sweden,Ships,3239.62,1,3239.62
2003,10/23/2003 0:00,4,Medium,Sweden,Ships,3363.52,1,3363.52
2003,10/23/2003 0:00,4,Medium,Sweden,Ships,3812.16,1,3812.16
2003,10/23/2003 0:00,4,Medium,Sweden,Vintage Cars,3599.58,1,3599.58
2003,10/23/2003 0:00,4,Small,Sweden,Planes,1467.48,1,1467.48
2003,10/23/2003 0:00,4,Small,Sweden,Planes,1668.4,1,1668.4
2003,10/23/2003 0:00,4,Small,Sweden,Ships,1846.42,1,1846.42
2003,10/23/2003 0:00,4,Small,Sweden,Ships,2812.8,1,2812.8
2003,10/23/2003 0:00,4,Small,Sweden,Ships,2940.02,1,2940.02
2003,10/23/2003 0:00,4,Small,Sweden,Vintage Cars,1593.2,1,1593.2
2003,10/23/2003 0:00,4,Small,Sweden,Vintage Cars,2019.84,1,2019.84
2003,10/23/2003 0:00,4,Small,Sweden,Vintage Cars,2431.94,1,2431.94
2003,10/28/2003 0:00,4,Medium,USA,Motorcycles,3244.36,1,3244.36
2003,10/28/2003 0:00,4,Medium,USA,Motorcycles,3479.76,1,3479.76
2003,10/28/2003 0:00,4,Medium,USA,Motorcycles,3660.93,1,3660.93
2003,10/28/2003 0:00,4,Medium,USA,Motorcycles,4183.0,1,4183.0
2003,10/28/2003 0:00,4,Medium,USA,Motorcycles,5747.5,1,5747.5
2003,10/28/2003 0:00,4,Medium,USA,Planes,3233.49,1,3233.49
2003,10/28/2003 0:00,4,Medium,USA,Planes,3431.39,1,3431.39
2003,10/28/2003 0:00,4,Medium,USA,Planes,3756.0,1,3756.0
2003,10/28/2003 0:00,4,Medium,USA,Planes,4527.72,1,4527.72
2003,10/28/2003 0:00,4,Medium,USA,Planes,4608.0,1,4608.0
2003,10/28/2003 0:00,4,Medium,USA,Planes,6433.7,1,6433.7
2003,10/28/2003 0:00,4,Small,USA,Motorcycles,2186.89,1,2186.89
2003,10/28/2003 0:00,4,Small,USA,Motorcycles,2814.28,1,2814.28
2003,10/28/2003 0:00,4,Small,USA,Planes,1490.16,1,1490.16
2003,10/28/2003 0:00,4,Small,USA,Planes,1971.54,1,1971.54
2003,10/28/2003 0:00,4,Small,USA,Planes,2762.2,1,2762.2
2003,10/28/2003 0:00,4,Small,USA,Vintage Cars,2281.91,1,2281.91
2003,10/28/2003 0:00,4,Small,USA,Vintage Cars,2492.64,1,2492.64
2003,11/12/2003 0:00,4,Large,USA,Vintage Cars,7554.8,1,7554.8
2003,11/12/2003 0:00,4,Medium,USA,Classic Cars,3072.96,1,3072.96
2003,11/12/2003 0:00,4,Medium,USA,Classic Cars,3107.61,1,3107.61
2003,11/12/2003 0:00,4,Medium,USA,Classic Cars,3488.34,1,3488.34
2003,11/12/2003 0:00,4,Medium,USA,Classic Cars,6244.07,1,6244.07
2003,11/12/2003 0:00,4,Medium,USA,Vintage Cars,3047.73,1,3047.73
2003,11/12/2003 0:00,4,Medium,USA,Vintage Cars,3942.72,1,3942.72
2003,11/12/2003 0:00,4,Small,USA,Classic Cars,2395.8,1,2395.8
2003,11/12/2003 0:00,4,Small,USA,Classic Cars,2649.6,1,2649.6
2003,11/12/2003 0:00,4,Small,USA,Vintage Cars,971.98,1,971.98
2003,11/12/2003 0:00,4,Small,USA,Vintage Cars,1138.94,1,1138.94
2003,11/12/2003 0:00,4,Small,USA,Vintage Cars,1436.76,1,1436.76
2003,11/12/2003 0:00,4,Small,USA,Vintage Cars,1742.4,1,1742.4
2003,11/12/2003 0:00,4,Small,USA,Vintage Cars,2183.25,1,2183.25
2003,11/12/2003 0:00,4,Small,USA,Vintage Cars,2212.0,1,2212.0
2003,11/12/2003 0:00,4,Small,USA,Vintage Cars,2323.7,1,2323.7
2003,11/12/2003 0:00,4,Small,USA,Vintage Cars,2848.23,1,2848.23
2003,11/14/2003 0:00,4,Large,USA,Classic Cars,7886.2,1,7886.2
2003,11/14/2003 0:00,4,Medium,USA,Classic Cars,3883.74,1,3883.74
2003,11/14/2003 0:00,4,Medium,USA,Classic Cars,4038.21,1,4038.21
2003,11/14/2003 0:00,4,Medium,USA,Classic Cars,5096.91,1,5096.91
2003,11/14/2003 0:00,4,Medium,USA,Ships,3170.7,1,3170.7
2003,11/14/2003 0:00,4,Medium,USA,Ships,3891.66,1,3891.66
2003,11/14/2003 0:00,4,Medium,USA,Trains,3952.83,1,3952.83
2003,11/14/2003 0:00,4,Medium,USA,Vintage Cars,3442.04,1,3442.04
2003,11/14/2003 0:00,4,Medium,USA,Vintage Cars,3630.28,1,3630.28
2003,11/14/2003 0:00,4,Small,USA,Ships,1134.0,1,1134.0
2003,11/14/2003 0:00,4,Small,USA,Ships,1747.9,1,1747.9
2003,11/14/2003 0:00,4,Small,USA,Ships,1804.04,1,1804.04
2003,11/14/2003 0:00,4,Small,USA,Ships,2254.98,1,2254.98
2003,11/14/2003 0:00,4,Small,USA,Ships,2832.0,1,2832.0
2003,11/14/2003 0:00,4,Small,USA,Trains,972.4,1,972.4
2003,11/14/2003 0:00,4,Small,USA,Vintage Cars,2453.55,1,2453.55
2003,11/18/2003 0:00,4,Medium,USA,Motorcycles,4512.48,1,4512.48
2003,11/20/2003 0:00,4,Large,USA,Classic Cars,7421.3,1,7421.3
2003,11/20/2003 0:00,4,Medium,USA,Classic Cars,3052.33,1,3052.33
2003,11/20/2003 0:00,4,Medium,USA,Classic Cars,3300.66,1,3300.66
2003,11/20/2003 0:00,4,Medium,USA,Classic Cars,3544.56,1,3544.56
2003,11/20/2003 0:00,4,Medium,USA,Classic Cars,3845.6,1,3845.6
2003,11/20/2003 0:00,4,Medium,USA,Classic Cars,3918.46,1,3918.46
2003,11/20/2003 0:00,4,Medium,USA,Classic Cars,4088.7,1,4088.7
2003,11/20/2003 0:00,4,Medium,USA,Classic Cars,4258.36,1,4258.36
2003,11/20/2003 0:00,4,Medium,USA,Classic Cars,4965.84,1,4965.84
2003,11/20/2003 0:00,4,Medium,USA,Classic Cars,5340.6,1,5340.6
2003,11/20/2003 0:00,4,Medium,USA,Classic Cars,5566.0,1,5566.0
2003,11/20/2003 0:00,4,Medium,USA,Classic Cars,6319.35,1,6319.35
2003,11/20/2003 0:00,4,Small,USA,Classic Cars,917.7,1,917.7
2003,11/20/2003 0:00,4,Small,USA,Classic Cars,2328.64,1,2328.64
2003,11/20/2003 0:00,4,Small,USA,Classic Cars,2530.01,1,2530.01
2003,11/20/2003 0:00,4,Small,USA,Classic Cars,2583.34,1,2583.34
2003,11/25/2003 0:00,4,Large,USA,Classic Cars,7620.5,1,7620.5
2003,11/25/2003 0:00,4,Medium,USA,Classic Cars,3699.88,1,3699.88
2003,11/25/2003 0:00,4,Medium,USA,Classic Cars,5128.11,1,5128.11
2003,11/25/2003 0:00,4,Medium,USA,Trucks and Buses,3608.15,1,3608.15
2003,11/25/2003 0:00,4,Medium,USA,Trucks and Buses,5161.17,1,5161.17
2003,11/25/2003 0:00,4,Medium,USA,Trucks and Buses,6445.46,1,6445.46
2003,11/25/2003 0:00,4,Small,USA,Classic Cars,905.28,1,905.28
2003,11/25/2003 0:00,4,Small,USA,Classic Cars,2924.68,1,2924.68
2003,11/25/2003 0:00,4,Small,USA,Trains,1804.44,1,1804.44
2003,11/25/2003 0:00,4,Small,USA,Trucks and Buses,1385.28,1,1385.28
2003,11/26/2003 0:00,4,Large,USA,Classic Cars,7232.16,1,7232.16
2003,11/26/2003 0:00,4,Large,USA,Classic Cars,8887.7,1,8887.7
2003,11/26/2003 0:00,4,Medium,USA,Classic Cars,3807.12,1,3807.12
2003,11/26/2003 0:00,4,Medium,USA,Classic Cars,4537.08,1,4537.08
2003,11/26/2003 0:00,4,Medium,USA,Ships,4720.0,1,4720.0
2003,11/26/2003 0:00,4,Medium,USA,Trains,3564.75,1,3564.75
2003,11/26/2003 0:00,4,Medium,USA,Vintage Cars,6893.81,1,6893.81
2003,11/26/2003 0:00,4,Small,USA,Trains,2856.14,1,2856.14
2003,11/27/2003 0:00,4,Large,Philippines,Planes,7483.98,1,7483.98
2003,11/27/2003 0:00,4,Medium,Philippines,Planes,3255.36,1,3255.36
2003,11/27/2003 0:00,4,Medium,Philippines,Planes,4774.56,1,4774.56
2003,11/27/2003 0:00,4,Small,Philippines,Planes,2546.8,1,2546.8
2003,11/27/2003 0:00,4,Small,Philippines,Planes,2846.17,1,2846.17
2003,11/27/2003 0:00,4,Small,Philippines,Vintage Cars,1935.09,1,1935.09
2003,11/4/2003 0:00,4,Medium,Austria,Classic Cars,3819.56,1,3819.56
2003,11/4/2003 0:00,4,Medium,Austria,Classic Cars,4391.1,1,4391.1
2003,11/4/2003 0:00,4,Medium,Austria,Classic Cars,5464.69,1,5464.69
2003,11/4/2003 0:00,4,Small,Austria,Classic Cars,1262.8,1,1262.8
2003,11/5/2003 0:00,4,Medium,Canada,Classic Cars,4508.0,1,4508.0
2003,11/5/2003 0:00,4,Medium,Canada,Classic Cars,4680.2,1,4680.2
2003,11/5/2003 0:00,4,Medium,Canada,Classic Cars,5481.45,1,5481.45
2003,11/5/2003 0:00,4,Medium,Italy,Vintage Cars,3452.68,1,3452.68
2003,11/5/2003 0:00,4,Medium,Italy,Vintage Cars,3508.8,1,3508.8
2003,11/5/2003 0:00,4,Medium,Italy,Vintage Cars,4492.83,1,4492.83
2003,11/5/2003 0:00,4,Medium,Italy,Vintage Cars,5036.16,1,5036.16
2003,11/5/2003 0:00,4,Medium,USA,Classic Cars,4965.24,1,4965.24
2003,11/5/2003 0:00,4,Medium,USA,Classic Cars,5493.12,1,5493.12
2003,11/5/2003 0:00,4,Medium,USA,Classic Cars,6023.16,1,6023.16
2003,11/5/2003 0:00,4,Small,Canada,Classic Cars,1277.64,1,1277.64
2003,11/5/2003 0:00,4,Small,Italy,Classic Cars,2728.03,1,2728.03
2003,11/5/2003 0:00,4,Small,Italy,Classic Cars,2807.22,1,2807.22
2003,11/5/2003 0:00,4,Small,Italy,Vintage Cars,977.43,1,977.43
2003,11/5/2003 0:00,4,Small,Italy,Vintage Cars,1112.94,1,1112.94
2003,11/5/2003 0:00,4,Small,Italy,Vintage Cars,1163.05,1,1163.05
2003,11/5/2003 0:00,4,Small,Italy,Vintage Cars,1495.26,1,1495.26
2003,11/5/2003 0:00,4,Small,Italy,Vintage Cars,1504.16,1,1504.16
2003,11/5/2003 0:00,4,Small,Italy,Vintage Cars,1584.66,1,1584.66
2003,11/5/2003 0:00,4,Small,Italy,Vintage Cars,2122.08,1,2122.08
2003,11/5/2003 0:00,4,Small,Italy,Vintage Cars,2571.14,1,2571.14
2003,11/5/2003 0:00,4,Small,Italy,Vintage Cars,2759.31,1,2759.31
2003,11/5/2003 0:00,4,Small,Italy,Vintage Cars,2761.96,1,2761.96
2003,11/5/2003 0:00,4,Small,USA,Classic Cars,1453.84,1,1453.84
2003,11/5/2003 0:00,4,Small,USA,Classic Cars,1639.22,1,1639.22
2003,11/5/2003 0:00,4,Small,USA,Classic Cars,1951.92,1,1951.92
2003,11/5/2003 0:00,4,Small,USA,Classic Cars,2167.22,1,2167.22
2003,11/5/2003 0:00,4,Small,USA,Classic Cars,2422.08,1,2422.08
2003,11/6/2003 0:00,4,Large,Italy,Classic Cars,7474.5,1,7474.5
2003,11/6/2003 0:00,4,Large,Italy,Classic Cars,7872.5,1,7872.5
2003,11/6/2003 0:00,4,Large,Italy,Classic Cars,8378.69,1,8378.69
2003,11/6/2003 0:00,4,Medium,Italy,Classic Cars,3667.6,1,3667.6
2003,11/6/2003 0:00,4,Medium,Italy,Classic Cars,5532.12,1,5532.12
2003,11/6/2003 0:00,4,Medium,Italy,Trucks and Buses,3114.89,1,3114.89
2003,11/6/2003 0:00,4,Small,Italy,Classic Cars,1857.06,1,1857.06
2003,11/6/2003 0:00,4,Small,Italy,Classic Cars,2915.66,1,2915.66
2003,11/6/2003 0:00,4,Small,Italy,Trains,1408.0,1,1408.0
2003,11/6/2003 0:00,4,Small,Italy,Trains,2448.72,1,2448.72
2003,11/8/2003 0:00,4,Medium,France,Classic Cars,3492.48,1,3492.48
2003,11/8/2003 0:00,4,Medium,France,Planes,3431.25,1,3431.25
2003,11/8/2003 0:00,4,Medium,France,Planes,6490.68,1,6490.68
2003,11/8/2003 0:00,4,Medium,France,Ships,3293.24,1,3293.24
2003,11/8/2003 0:00,4,Medium,France,Ships,3350.52,1,3350.52
2003,11/8/2003 0:00,4,Medium,France,Vintage Cars,5386.56,1,5386.56
2003,11/8/2003 0:00,4,Small,France,Planes,1930.5,1,1930.5
2003,11/8/2003 0:00,4,Small,France,Planes,2169.9,1,2169.9
2003,11/8/2003 0:00,4,Small,France,Planes,2301.75,1,2301.75
2003,11/8/2003 0:00,4,Small,France,Planes,2748.56,1,2748.56
2003,11/8/2003 0:00,4,Small,France,Vintage Cars,1514.52,1,1514.52
2003,11/8/2003 0:00,4,Small,France,Vintage Cars,1988.28,1,1988.28
2003,12/1/2003 0:00,4,Large,USA,Motorcycles,8065.89,1,8065.89
2003,12/1/2003 0:00,4,Medium,USA,Motorcycles,3025.92,1,3025.92
2003,12/1/2003 0:00,4,Medium,USA,Motorcycles,4029.0,1,4029.0
2003,12/1/2003 0:00,4,Medium,USA,Motorcycles,4351.23,1,4351.23
2003,12/1/2003 0:00,4,Medium,USA,Planes,3131.2,1,3131.2
2003,12/1/2003 0:00,4,Medium,USA,Planes,3989.76,1,3989.76
2003,12/1/2003 0:00,4,Small,USA,Motorcycles,1847.0,1,1847.0
2003,12/1/2003 0:00,4,Small,USA,Motorcycles,1944.3,1,1944.3
2003,12/1/2003 0:00,4,Small,USA,Motorcycles,2168.54,1,2168.54
2003,12/1/2003 0:00,4,Small,USA,Vintage Cars,1113.6,1,1113.6
2003,12/2/2003 0:00,4,Medium,USA,Classic Cars,3184.8,1,3184.8
2003,12/2/2003 0:00,4,Medium,USA,Classic Cars,3431.7,1,3431.7
2003,12/2/2003 0:00,4,Medium,USA,Classic Cars,4032.0,1,4032.0
2003,12/2/2003 0:00,4,Medium,USA,Classic Cars,4169.88,1,4169.88
2003,12/2/2003 0:00,4,Medium,USA,Classic Cars,4242.0,1,4242.0
2003,12/2/2003 0:00,4,Medium,USA,Classic Cars,4368.96,1,4368.96
2003,12/2/2003 0:00,4,Medium,USA,Classic Cars,4527.04,1,4527.04
2003,12/2/2003 0:00,4,Medium,USA,Classic Cars,5735.8,1,5735.8
2003,12/2/2003 0:00,4,Medium,USA,Classic Cars,6182.4,1,6182.4
2003,12/2/2003 0:00,4,Medium,USA,Classic Cars,6432.64,1,6432.64
2003,12/2/2003 0:00,4,Medium,USA,Vintage Cars,3206.32,1,3206.32
2003,12/2/2003 0:00,4,Medium,USA,Vintage Cars,5890.5,1,5890.5
2003,12/2/2003 0:00,4,Small,USA,Classic Cars,1249.4,1,1249.4
2003,12/2/2003 0:00,4,Small,USA,Classic Cars,2241.45,1,2241.45
2003,12/2/2003 0:00,4,Small,USA,Vintage Cars,1295.97,1,1295.97
2003,12/2/2003 0:00,4,Small,USA,Vintage Cars,1643.12,1,1643.12
2003,12/2/2003 0:00,4,Small,USA,Vintage Cars,2482.11,1,2482.11
2003,12/5/2003 0:00,4,Large,Canada,Classic Cars,9064.89,1,9064.89
2003,12/5/2003 0:00,4,Medium,Canada,Classic Cars,3871.89,1,3871.89
2003,12/5/2003 0:00,4,Medium,Canada,Trucks and Buses,3966.78,1,3966.78
2003,12/5/2003 0:00,4,Medium,Canada,Trucks and Buses,4056.36,1,4056.36
2003,12/5/2003 0:00,4,Medium,Canada,Vintage Cars,3213.87,1,3213.87
2003,12/5/2003 0:00,4,Medium,Canada,Vintage Cars,3336.29,1,3336.29
2003,12/5/2003 0:00,4,Medium,Canada,Vintage Cars,3581.4,1,3581.4
2003,12/5/2003 0:00,4,Small,Canada,Trucks and Buses,2117.52,1,2117.52
2003,12/5/2003 0:00,4,Small,Canada,Vintage Cars,1119.93,1,1119.93
2003,12/5/2003 0:00,4,Small,Canada,Vintage Cars,1888.88,1,1888.88
2003,12/5/2003 0:00,4,Small,Canada,Vintage Cars,2444.4,1,2444.4
2003,12/9/2003 0:00,4,Large,USA,Classic Cars,7060.24,1,7060.24
2003,12/9/2003 0:00,4,Medium,USA,Classic Cars,3937.25,1,3937.25
2003,12/9/2003 0:00,4,Medium,USA,Classic Cars,4076.19,1,4076.19
2003,12/9/2003 0:00,4,Medium,USA,Classic Cars,6146.8,1,6146.8
2003,12/9/2003 0:00,4,Medium,USA,Trucks and Buses,3384.36,1,3384.36
2003,12/9/2003 0:00,4,Medium,USA,Trucks and Buses,3964.1,1,3964.1
2003,12/9/2003 0:00,4,Medium,USA,Trucks and Buses,5752.54,1,5752.54
2003,12/9/2003 0:00,4,Medium,USA,Trucks and Buses,6658.02,1,6658.02
2003,12/9/2003 0:00,4,Medium,USA,Trucks and Buses,6819.04,1,6819.04
2003,12/9/2003 0:00,4,Small,USA,Classic Cars,1247.4,1,1247.4
2003,12/9/2003 0:00,4,Small,USA,Classic Cars,2294.18,1,2294.18
2003,12/9/2003 0:00,4,Small,USA,Classic Cars,2980.6,1,2980.6
2003,12/9/2003 0:00,4,Small,USA,Trains,2544.75,1,2544.75
2003,12/9/2003 0:00,4,Small,USA,Trucks and Buses,1621.62,1,1621.62
2003,12/9/2003 0:00,4,Small,USA,Trucks and Buses,2585.93,1,2585.93
2003,12/9/2003 0:00,4,Small,USA,Trucks and Buses,2657.76,1,2657.76
2003,2/11/2003 0:00,1,Large,Denmark,Classic Cars,7208.0,1,7208.0
2003,2/11/2003 0:00,1,Large,Denmark,Classic Cars,8690.36,1,8690.36
2003,2/11/2003 0:00,1,Medium,Denmark,Classic Cars,4566.05,1,4566.05
2003,2/11/2003 0:00,1,Medium,Denmark,Ships,3164.46,1,3164.46
2003,2/11/2003 0:00,1,Medium,Denmark,Ships,6341.21,1,6341.21
2003,2/11/2003 0:00,1,Medium,Denmark,Trains,4330.1,1,4330.1
2003,2/11/2003 0:00,1,Medium,Denmark,Vintage Cars,3065.04,1,3065.04
2003,2/11/2003 0:00,1,Medium,Denmark,Vintage Cars,3193.52,1,3193.52
2003,2/11/2003 0:00,1,Medium,Denmark,Vintage Cars,3382.5,1,3382.5
2003,2/11/2003 0:00,1,Medium,Denmark,Vintage Cars,3983.5,1,3983.5
2003,2/11/2003 0:00,1,Small,Denmark,Ships,1419.5,1,1419.5
2003,2/11/2003 0:00,1,Small,Denmark,Ships,2034.35,1,2034.35
2003,2/11/2003 0:00,1,Small,Denmark,Ships,2038.87,1,2038.87
2003,2/11/2003 0:00,1,Small,Denmark,Ships,2556.18,1,2556.18
2003,2/11/2003 0:00,1,Small,Denmark,Ships,2897.47,1,2897.47
2003,2/17/2003 0:00,1,Medium,Italy,Planes,3073.26,1,3073.26
2003,2/17/2003 0:00,1,Medium,Italy,Planes,3241.5,1,3241.5
2003,2/17/2003 0:00,1,Medium,Italy,Planes,3273.6,1,3273.6
2003,2/17/2003 0:00,1,Medium,Italy,Planes,3312.97,1,3312.97
2003,2/17/2003 0:00,1,Medium,Italy,Planes,3659.32,1,3659.32
2003,2/17/2003 0:00,1,Medium,Italy,Planes,3763.46,1,3763.46
2003,2/17/2003 0:00,1,Medium,Italy,Planes,3986.56,1,3986.56
2003,2/17/2003 0:00,1,Medium,Italy,Planes,5279.4,1,5279.4
2003,2/17/2003 0:00,1,Medium,Italy,Ships,3177.3,1,3177.3
2003,2/17/2003 0:00,1,Medium,Italy,Ships,3421.04,1,3421.04
2003,2/17/2003 0:00,1,Medium,Italy,Vintage Cars,4774.86,1,4774.86
2003,2/17/2003 0:00,1,Small,Italy,Planes,1657.76,1,1657.76
2003,2/17/2003 0:00,1,Small,Italy,Planes,2481.64,1,2481.64
2003,2/17/2003 0:00,1,Small,Italy,Planes,2526.72,1,2526.72
2003,2/17/2003 0:00,1,Small,Italy,Planes,2949.12,1,2949.12
2003,2/17/2003 0:00,1,Small,Italy,Vintage Cars,1565.85,1,1565.85
2003,2/17/2003 0:00,1,Small,Italy,Vintage Cars,1630.6,1,1630.6
2003,2/17/2003 0:00,1,Small,Italy,Vintage Cars,2406.36,1,2406.36
2003,2/24/2003 0:00,1,Medium,USA,Motorcycles,3036.6,1,3036.6
2003,2/24/2003 0:00,1,Medium,USA,Motorcycles,3155.14,1,3155.14
2003,2/24/2003 0:00,1,Medium,USA,Motorcycles,3896.49,1,3896.49
2003,2/24/2003 0:00,1,Medium,USA,Motorcycles,6065.55,1,6065.55
2003,2/24/2003 0:00,1,Small,USA,Motorcycles,1858.0,1,1858.0
2003,2/24/2003 0:00,1,Small,USA,Motorcycles,2055.23,1,2055.23
2003,2/24/2003 0:00,1,Small,USA,Motorcycles,2845.75,1,2845.75
2003,2/24/2003 0:00,1,Small,USA,Motorcycles,2871.0,1,2871.0
2003,3/10/2003 0:00,1,Large,USA,Classic Cars,8257.0,1,8257.0
2003,3/10/2003 0:00,1,Medium,USA,Classic Cars,3157.44,1,3157.44
2003,3/10/2003 0:00,1,Medium,USA,Classic Cars,4379.18,1,4379.18
2003,3/10/2003 0:00,1,Medium,USA,Classic Cars,4432.7,1,4432.7
2003,3/10/2003 0:00,1,Medium,USA,Classic Cars,6241.6,1,6241.6
2003,3/10/2003 0:00,1,Small,USA,Classic Cars,930.9,1,930.9
2003,3/25/2003 0:00,1,Medium,USA,Vintage Cars,3288.78,1,3288.78
2003,3/25/2003 0:00,1,Medium,USA,Vintage Cars,4178.85,1,4178.85
2003,3/25/2003 0:00,1,Medium,USA,Vintage Cars,4818.15,1,4818.15
2003,3/25/2003 0:00,1,Small,USA,Vintage Cars,1801.24,1,1801.24
2003,3/25/2003 0:00,1,Small,USA,Vintage Cars,2253.68,1,2253.68
2003,3/25/2003 0:00,1,Small,USA,Vintage Cars,2354.88,1,2354.88
2003,3/26/2003 0:00,1,Medium,USA,Trucks and Buses,3415.44,1,3415.44
2003,3/26/2003 0:00,1,Medium,USA,Trucks and Buses,4916.66,1,4916.66
2003,3/26/2003 0:00,1,Small,USA,Trucks and Buses,1575.96,1,1575.96
2003,3/26/2003 0:00,1,Small,USA,Vintage Cars,2490.5,1,2490.5
2003,3/3/2003 0:00,1,Medium,Philippines,Classic Cars,3130.82,1,3130.82
2003,3/3/2003 0:00,1,Medium,Philippines,Classic Cars,3485.82,1,3485.82
2003,3/3/2003 0:00,1,Medium,Philippines,Classic Cars,3731.04,1,3731.04
2003,3/3/2003 0:00,1,Medium,Philippines,Classic Cars,4049.56,1,4049.56
2003,3/3/2003 0:00,1,Medium,Philippines,Classic Cars,5265.15,1,5265.15
2003,3/3/2003 0:00,1,Medium,Philippines,Classic Cars,5448.8,1,5448.8
2003,3/3/2003 0:00,1,Medium,Philippines,Classic Cars,5565.12,1,5565.12
2003,3/3/2003 0:00,1,Medium,Philippines,Classic Cars,6130.35,1,6130.35
2003,3/3/2003 0:00,1,Medium,Philippines,Motorcycles,3669.78,1,3669.78
2003,3/3/2003 0:00,1,Small,Philippines,Classic Cars,1777.1,1,1777.1
2003,3/3/2003 0:00,1,Small,Philippines,Classic Cars,1892.1,1,1892.1
2003,3/3/2003 0:00,1,Small,Philippines,Classic Cars,2130.01,1,2130.01
2003,3/3/2003 0:00,1,Small,Philippines,Motorcycles,1173.15,1,1173.15
2003,3/3/2003 0:00,1,Small,Philippines,Motorcycles,2060.45,1,2060.45
2003,3/3/2003 0:00,1,Small,Philippines,Motorcycles,2821.66,1,2821.66
2003,3/3/2003 0:00,1,Small,Philippines,Motorcycles,2914.11,1,2914.11
2003,4/28/2003 0:00,2,Medium,Austria,Classic Cars,5004.8,1,5004.8
2003,4/28/2003 0:00,2,Medium,Austria,Planes,6916.12,1,6916.12
2003,4/28/2003 0:00,2,Medium,Austria,Vintage Cars,3066.7,1,3066.7
2003,4/28/2003 0:00,2,Medium,Austria,Vintage Cars,3169.95,1,3169.95
2003,4/28/2003 0:00,2,Small,Austria,Planes,1348.76,1,1348.76
2003,4/28/2003 0:00,2,Small,Austria,Planes,1539.72,1,1539.72
2003,4/28/2003 0:00,2,Small,Austria,Planes,1968.12,1,1968.12
2003,4/28/2003 0:00,2,Small,Austria,Planes,2443.6,1,2443.6
2003,4/28/2003 0:00,2,Small,Austria,Ships,1878.66,1,1878.66
2003,4/28/2003 0:00,2,Small,Austria,Ships,1916.75,1,1916.75
2003,4/28/2003 0:00,2,Small,Austria,Ships,2499.26,1,2499.26
2003,4/28/2003 0:00,2,Small,Austria,Ships,2730.06,1,2730.06
2003,4/28/2003 0:00,2,Small,Austria,Vintage Cars,1459.6,1,1459.6
2003,4/28/2003 0:00,2,Small,Austria,Vintage Cars,2687.04,1,2687.04
2003,4/4/2003 0:00,2,Large,USA,Classic Cars,7381.16,1,7381.16
2003,4/4/2003 0:00,2,Medium,USA,Classic Cars,3259.92,1,3259.92
2003,4/4/2003 0:00,2,Medium,USA,Classic Cars,5568.64,1,5568.64
2003,4/4/2003 0:00,2,Medium,USA,Trucks and Buses,5723.78,1,5723.78
2003,4/4/2003 0:00,2,Small,USA,Trucks and Buses,2843.91,1,2843.91
2003,5/21/2003 0:00,2,Medium,USA,Classic Cars,4068.96,1,4068.96
2003,5/21/2003 0:00,2,Medium,USA,Classic Cars,5203.0,1,5203.0
2003,5/21/2003 0:00,2,Medium,USA,Vintage Cars,3081.24,1,3081.24
2003,5/21/2003 0:00,2,Medium,USA,Vintage Cars,4431.84,1,4431.84
2003,5/21/2003 0:00,2,Small,USA,Classic Cars,1327.79,1,1327.79
2003,5/21/2003 0:00,2,Small,USA,Classic Cars,1713.8,1,1713.8
2003,5/21/2003 0:00,2,Small,USA,Classic Cars,2326.4,1,2326.4
2003,5/21/2003 0:00,2,Small,USA,Classic Cars,2348.75,1,2348.75
2003,5/21/2003 0:00,2,Small,USA,Vintage Cars,995.5,1,995.5
2003,5/21/2003 0:00,2,Small,USA,Vintage Cars,1528.58,1,1528.58
2003,5/21/2003 0:00,2,Small,USA,Vintage Cars,1702.8,1,1702.8
2003,5/21/2003 0:00,2,Small,USA,Vintage Cars,2262.96,1,2262.96
2003,5/21/2003 0:00,2,Small,USA,Vintage Cars,2856.0,1,2856.0
2003,5/7/2003 0:00,2,Large,France,Motorcycles,8284.0,1,8284.0
2003,5/7/2003 0:00,2,Medium,France,Motorcycles,3293.4,1,3293.4
2003,5/7/2003 0:00,2,Small,France,Motorcycles,2168.5,1,2168.5
2003,5/7/2003 0:00,2,Small,France,Motorcycles,2460.16,1,2460.16
2003,5/7/2003 0:00,2,Small,France,Motorcycles,2765.9,1,2765.9
2003,6/16/2003 0:00,2,Medium,USA,Planes,4094.5,1,4094.5
2003,6/16/2003 0:00,2,Medium,USA,Planes,4427.6,1,4427.6
2003,6/16/2003 0:00,2,Medium,USA,Ships,3853.6,1,3853.6
2003,6/16/2003 0:00,2,Medium,USA,Vintage Cars,3423.75,1,3423.75
2003,6/16/2003 0:00,2,Small,USA,Planes,875.91,1,875.91
2003,6/16/2003 0:00,2,Small,USA,Planes,2213.38,1,2213.38
2003,6/16/2003 0:00,2,Small,USA,Planes,2349.9,1,2349.9
2003,6/16/2003 0:00,2,Small,USA,Planes,2781.66,1,2781.66
2003,6/16/2003 0:00,2,Small,USA,Ships,1891.78,1,1891.78
2003,6/16/2003 0:00,2,Small,USA,Vintage Cars,1716.22,1,1716.22
2003,6/3/2003 0:00,2,Large,USA,Classic Cars,7146.9,1,7146.9
2003,6/3/2003 0:00,2,Large,USA,Classic Cars,7366.44,1,7366.44
2003,6/3/2003 0:00,2,Large,USA,Classic Cars,8138.76,1,8138.76
2003,6/3/2003 0:00,2,Large,USA,Classic Cars,11279.2,1,11279.2
2003,6/3/2003 0:00,2,Medium,USA,Classic Cars,3447.0,1,3447.0
2003,6/3/2003 0:00,2,Medium,USA,Classic Cars,3837.24,1,3837.24
2003,6/3/2003 0:00,2,Medium,USA,Trains,3179.52,1,3179.52
2003,6/3/2003 0:00,2,Medium,USA,Trucks and Buses,6176.42,1,6176.42
2003,6/3/2003 0:00,2,Medium,USA,Trucks and Buses,6295.95,1,6295.95
2003,6/3/2003 0:00,2,Small,USA,Classic Cars,1213.8,1,1213.8
2003,6/3/2003 0:00,2,Small,USA,Classic Cars,1489.41,1,1489.41
2003,6/3/2003 0:00,2,Small,USA,Classic Cars,1939.8,1,1939.8
2003,6/3/2003 0:00,2,Small,USA,Trains,2054.36,1,2054.36
2003,6/3/2003 0:00,2,Small,USA,Trucks and Buses,2337.75,1,2337.75
2003,6/3/2003 0:00,2,Small,USA,Trucks and Buses,2559.6,1,2559.6
2003,7/1/2003 0:00,3,Large,France,Motorcycles,7023.98,1,7023.98
2003,7/1/2003 0:00,3,Medium,France,Motorcycles,3273.9,1,3273.9
2003,7/1/2003 0:00,3,Medium,France,Motorcycles,3307.77,1,3307.77
2003,7/1/2003 0:00,3,Medium,France,Motorcycles,3570.29,1,3570.29
2003,7/1/2003 0:00,3,Medium,France,Motorcycles,3884.34,1,3884.34
2003,7/1/2003 0:00,3,Small,France,Motorcycles,1853.4,1,1853.4
2003,7/1/2003 0:00,3,Small,France,Motorcycles,2711.2,1,2711.2
2003,7/10/2003 0:00,3,Medium,France,Classic Cars,4346.76,1,4346.76
2003,7/10/2003 0:00,3,Medium,France,Classic Cars,4380.2,1,4380.2
2003,7/10/2003 0:00,3,Medium,France,Classic Cars,5124.3,1,5124.3
2003,7/10/2003 0:00,3,Small,France,Classic Cars,1295.06,1,1295.06
2003,7/2/2003 0:00,3,Large,USA,Classic Cars,8008.56,1,8008.56
2003,7/2/2003 0:00,3,Medium,USA,Classic Cars,3510.0,1,3510.0
2003,7/2/2003 0:00,3,Medium,USA,Classic Cars,3806.88,1,3806.88
2003,7/2/2003 0:00,3,Medium,USA,Classic Cars,4705.18,1,4705.18
2003,7/2/2003 0:00,3,Medium,USA,Classic Cars,5432.7,1,5432.7
2003,7/2/2003 0:00,3,Medium,USA,Classic Cars,6031.68,1,6031.68
2003,7/2/2003 0:00,3,Medium,USA,Classic Cars,6336.07,1,6336.07
2003,7/2/2003 0:00,3,Medium,USA,Motorcycles,4224.0,1,4224.0
2003,7/2/2003 0:00,3,Small,USA,Classic Cars,717.4,1,717.4
2003,7/2/2003 0:00,3,Small,USA,Classic Cars,1785.51,1,1785.51
2003,7/2/2003 0:00,3,Small,USA,Classic Cars,1800.24,1,1800.24
2003,7/2/2003 0:00,3,Small,USA,Classic Cars,2008.13,1,2008.13
2003,7/2/2003 0:00,3,Small,USA,Classic Cars,2838.81,1,2838.81
2003,7/2/2003 0:00,3,Small,USA,Motorcycles,1327.59,1,1327.59
2003,7/2/2003 0:00,3,Small,USA,Motorcycles,1787.56,1,1787.56
2003,7/2/2003 0:00,3,Small,USA,Motorcycles,2266.2,1,2266.2
2003,7/2/2003 0:00,3,Small,USA,Motorcycles,2694.0,1,2694.0
2003,7/24/2003 0:00,3,Large,USA,Classic Cars,7374.1,1,7374.1
2003,7/24/2003 0:00,3,Medium,USA,Classic Cars,3188.12,1,3188.12
2003,7/24/2003 0:00,3,Medium,USA,Classic Cars,4114.8,1,4114.8
2003,7/24/2003 0:00,3,Medium,USA,Trucks and Buses,4181.44,1,4181.44
2003,7/24/2003 0:00,3,Medium,USA,Trucks and Buses,4601.2,1,4601.2
2003,7/24/2003 0:00,3,Medium,USA,Trucks and Buses,4829.8,1,4829.8
2003,7/24/2003 0:00,3,Medium,USA,Trucks and Buses,5105.14,1,5105.14
2003,7/24/2003 0:00,3,Small,USA,Trucks and Buses,1701.28,1,1701.28
2003,7/24/2003 0:00,3,Small,USA,Trucks and Buses,2829.58,1,2829.58
2003,7/24/2003 0:00,3,Small,USA,Trucks and Buses,2851.54,1,2851.54
2003,7/24/2003 0:00,3,Small,USA,Vintage Cars,1254.83,1,1254.83
2003,7/4/2003 0:00,3,Large,France,Classic Cars,8331.61,1,8331.61
2003,7/4/2003 0:00,3,Medium,France,Classic Cars,3644.75,1,3644.75
2003,7/4/2003 0:00,3,Medium,France,Classic Cars,5274.72,1,5274.72
2003,8/10/2003 0:00,3,Medium,USA,Classic Cars,5597.76,1,5597.76
2003,8/10/2003 0:00,3,Medium,USA,Planes,3945.96,1,3945.96
2003,8/10/2003 0:00,3,Medium,USA,Planes,5248.0,1,5248.0
2003,8/10/2003 0:00,3,Medium,USA,Ships,3442.64,1,3442.64
2003,8/10/2003 0:00,3,Medium,USA,Vintage Cars,3455.76,1,3455.76
2003,8/10/2003 0:00,3,Small,USA,Planes,1646.19,1,1646.19
2003,8/10/2003 0:00,3,Small,USA,Planes,1853.32,1,1853.32
2003,8/10/2003 0:00,3,Small,USA,Planes,1874.05,1,1874.05
2003,8/10/2003 0:00,3,Small,USA,Planes,2152.02,1,2152.02
2003,8/10/2003 0:00,3,Small,USA,Planes,2688.0,1,2688.0
2003,8/10/2003 0:00,3,Small,USA,Planes,2919.58,1,2919.58
2003,8/10/2003 0:00,3,Small,USA,Ships,2612.48,1,2612.48
2003,8/10/2003 0:00,3,Small,USA,Ships,2643.99,1,2643.99
2003,8/10/2003 0:00,3,Small,USA,Vintage Cars,1246.44,1,1246.44
2003,8/10/2003 0:00,3,Small,USA,Vintage Cars,1851.73,1,1851.73
2003,8/10/2003 0:00,3,Small,USA,Vintage Cars,2560.47,1,2560.47
2003,8/25/2003 0:00,3,Large,USA,Motorcycles,8339.8,1,8339.8
2003,8/25/2003 0:00,3,Medium,USA,Motorcycles,3091.68,1,3091.68
2003,8/25/2003 0:00,3,Medium,USA,Motorcycles,3098.7,1,3098.7
2003,8/25/2003 0:00,3,Medium,USA,Motorcycles,3251.34,1,3251.34
2003,8/25/2003 0:00,3,Medium,USA,Motorcycles,3746.7,1,3746.7
2003,8/25/2003 0:00,3,Medium,USA,Motorcycles,3902.41,1,3902.41
2003,8/25/2003 0:00,3,Medium,USA,Motorcycles,4119.4,1,4119.4
2003,8/25/2003 0:00,3,Medium,USA,Motorcycles,5176.38,1,5176.38
2003,8/25/2003 0:00,3,Medium,USA,Motorcycles,5192.95,1,5192.95
2003,8/25/2003 0:00,3,Medium,USA,Planes,3501.6,1,3501.6
2003,8/25/2003 0:00,3,Small,USA,Motorcycles,1109.8,1,1109.8
2003,8/25/2003 0:00,3,Small,USA,Motorcycles,1490.1,1,1490.1
2003,8/25/2003 0:00,3,Small,USA,Motorcycles,1645.65,1,1645.65
2003,8/25/2003 0:00,3,Small,USA,Planes,2559.6,1,2559.6
2003,8/25/2003 0:00,3,Small,USA,Planes,2752.6,1,2752.6
2003,8/25/2003 0:00,3,Small,USA,Planes,2797.41,1,2797.41
2003,8/8/2003 0:00,3,Large,USA,Classic Cars,8023.29,1,8023.29
2003,8/8/2003 0:00,3,Large,USA,Classic Cars,9470.94,1,9470.94
2003,8/8/2003 0:00,3,Medium,USA,Classic Cars,3791.52,1,3791.52
2003,8/8/2003 0:00,3,Medium,USA,Classic Cars,4985.64,1,4985.64
2003,8/8/2003 0:00,3,Medium,USA,Ships,3245.58,1,3245.58
2003,8/8/2003 0:00,3,Medium,USA,Ships,3366.0,1,3366.0
2003,8/8/2003 0:00,3,Medium,USA,Ships,3612.43,1,3612.43
2003,8/8/2003 0:00,3,Medium,USA,Trains,3131.94,1,3131.94
2003,8/8/2003 0:00,3,Medium,USA,Vintage Cars,4814.25,1,4814.25
2003,8/8/2003 0:00,3,Medium,USA,Vintage Cars,6034.33,1,6034.33
2003,8/8/2003 0:00,3,Small,USA,Ships,1724.97,1,1724.97
2003,8/8/2003 0:00,3,Small,USA,Ships,2334.99,1,2334.99
2003,8/8/2003 0:00,3,Small,USA,Ships,2624.0,1,2624.0
2003,8/8/2003 0:00,3,Small,USA,Trains,2091.18,1,2091.18
2003,8/8/2003 0:00,3,Small,USA,Trains,2151.82,1,2151.82
2003,8/8/2003 0:00,3,Small,USA,Vintage Cars,1685.28,1,1685.28
2003,9/12/2003 0:00,3,Medium,USA,Vintage Cars,3958.5,1,3958.5
2003,9/12/2003 0:00,3,Medium,USA,Vintage Cars,4230.62,1,4230.62
2003,9/12/2003 0:00,3,Medium,USA,Vintage Cars,4950.33,1,4950.33
2003,9/12/2003 0:00,3,Medium,USA,Vintage Cars,5375.4,1,5375.4
2003,9/12/2003 0:00,3,Medium,USA,Vintage Cars,5907.5,1,5907.5
2003,9/12/2003 0:00,3,Small,USA,Vintage Cars,1013.48,1,1013.48
2003,9/12/2003 0:00,3,Small,USA,Vintage Cars,1194.84,1,1194.84
2003,9/12/2003 0:00,3,Small,USA,Vintage Cars,1496.64,1,1496.64
2003,9/12/2003 0:00,3,Small,USA,Vintage Cars,1746.6,1,1746.6
2003,9/12/2003 0:00,3,Small,USA,Vintage Cars,1811.4,1,1811.4
2003,9/12/2003 0:00,3,Small,USA,Vintage Cars,2414.72,1,2414.72
2003,9/3/2003 0:00,3,Medium,USA,Classic Cars,4444.54,1,4444.54
2003,9/3/2003 0:00,3,Medium,USA,Motorcycles,3155.58,1,3155.58
2003,9/5/2003 0:00,3,Large,USA,Classic Cars,9245.76,1,9245.76
2003,9/5/2003 0:00,3,Medium,USA,Classic Cars,3097.44,1,3097.44
2003,9/5/2003 0:00,3,Medium,USA,Classic Cars,3230.37,1,3230.37
2003,9/5/2003 0:00,3,Medium,USA,Classic Cars,3494.94,1,3494.94
2003,9/5/2003 0:00,3,Medium,USA,Classic Cars,4405.22,1,4405.22
2003,9/5/2003 0:00,3,Small,USA,Classic Cars,1066.75,1,1066.75
2003,9/5/2003 0:00,3,Small,USA,Classic Cars,1340.64,1,1340.64
2003,9/5/2003 0:00,3,Small,USA,Classic Cars,2004.77,1,2004.77
2003,9/5/2003 0:00,3,Small,USA,Classic Cars,2057.4,1,2057.4
2003,9/5/2003 0:00,3,Small,USA,Classic Cars,2142.14,1,2142.14
2003,9/5/2003 0:00,3,Small,USA,Classic Cars,2906.97,1,2906.97
2004,1/29/2004 0:00,1,Medium,USA,Classic Cars,6075.3,1,6075.3
2004,1/29/2004 0:00,1,Medium,USA,Trucks and Buses,5152.0,1,5152.0
2004,1/29/2004 0:00,1,Medium,USA,Vintage Cars,3532.23,1,3532.23
2004,1/29/2004 0:00,1,Medium,USA,Vintage Cars,4555.92,1,4555.92
2004,1/29/2004 0:00,1,Medium,USA,Vintage Cars,5285.14,1,5285.14
2004,1/29/2004 0:00,1,Medium,USA,Vintage Cars,5510.05,1,5510.05
2004,1/29/2004 0:00,1,Small,USA,Vintage Cars,1423.29,1,1423.29
2004,1/29/2004 0:00,1,Small,USA,Vintage Cars,1820.01,1,1820.01
2004,1/29/2004 0:00,1,Small,USA,Vintage Cars,2082.88,1,2082.88
2004,1/29/2004 0:00,1,Small,USA,Vintage Cars,2413.26,1,2413.26
2004,10/13/2004 0:00,4,Large,USA,Classic Cars,7455.87,1,7455.87
2004,10/13/2004 0:00,4,Medium,USA,Classic Cars,3934.44,1,3934.44
2004,10/13/2004 0:00,4,Medium,USA,Classic Cars,4641.48,1,4641.48
2004,10/13/2004 0:00,4,Medium,USA,Classic Cars,6680.78,1,6680.78
2004,10/13/2004 0:00,4,Medium,USA,Trucks and Buses,3155.04,1,3155.04
2004,10/13/2004 0:00,4,Medium,USA,Trucks and Buses,3189.6,1,3189.6
2004,10/13/2004 0:00,4,Medium,USA,Trucks and Buses,4618.32,1,4618.32
2004,10/13/2004 0:00,4,Medium,USA,Trucks and Buses,4773.18,1,4773.18
2004,10/13/2004 0:00,4,Medium,USA,Trucks and Buses,4816.08,1,4816.08
2004,10/13/2004 0:00,4,Small,USA,Classic Cars,1510.56,1,1510.56
2004,10/13/2004 0:00,4,Small,USA,Classic Cars,2783.25,1,2783.25
2004,10/13/2004 0:00,4,Small,USA,Trucks and Buses,2184.38,1,2184.38
2004,10/13/2004 0:00,4,Small,USA,Trucks and Buses,2192.68,1,2192.68
2004,10/13/2004 0:00,4,Small,USA,Trucks and Buses,2316.0,1,2316.0
2004,10/15/2004 0:00,4,Medium,Norway,Motorcycles,4235.0,1,4235.0
2004,10/15/2004 0:00,4,Medium,Norway,Motorcycles,4394.38,1,4394.38
2004,10/15/2004 0:00,4,Medium,Norway,Motorcycles,4660.24,1,4660.24
2004,10/15/2004 0:00,4,Medium,USA,Motorcycles,4043.96,1,4043.96
2004,10/15/2004 0:00,4,Medium,USA,Motorcycles,4570.4,1,4570.4
2004,10/15/2004 0:00,4,Medium,USA,Planes,3106.25,1,3106.25
2004,10/15/2004 0:00,4,Medium,USA,Planes,3286.49,1,3286.49
2004,10/15/2004 0:00,4,Medium,USA,Planes,3493.7,1,3493.7
2004,10/15/2004 0:00,4,Medium,USA,Planes,3666.08,1,3666.08
2004,10/15/2004 0:00,4,Medium,USA,Planes,4009.23,1,4009.23
2004,10/15/2004 0:00,4,Medium,USA,Vintage Cars,3037.84,1,3037.84
2004,10/15/2004 0:00,4,Small,Norway,Motorcycles,1346.4,1,1346.4
2004,10/15/2004 0:00,4,Small,Norway,Motorcycles,2483.04,1,2483.04
2004,10/15/2004 0:00,4,Small,Norway,Motorcycles,2650.62,1,2650.62
2004,10/15/2004 0:00,4,Small,USA,Motorcycles,1771.06,1,1771.06
2004,10/15/2004 0:00,4,Small,USA,Motorcycles,1917.84,1,1917.84
2004,10/15/2004 0:00,4,Small,USA,Motorcycles,2971.34,1,2971.34
2004,10/15/2004 0:00,4,Small,USA,Planes,1831.2,1,1831.2
2004,10/15/2004 0:00,4,Small,USA,Planes,2224.95,1,2224.95
2004,10/15/2004 0:00,4,Small,USA,Planes,2235.33,1,2235.33
2004,10/15/2004 0:00,4,Small,USA,Planes,2656.29,1,2656.29
2004,10/15/2004 0:00,4,Small,USA,Vintage Cars,2051.08,1,2051.08
2004,10/21/2004 0:00,4,Large,USA,Classic Cars,11623.7,1,11623.7
2004,10/21/2004 0:00,4,Large,USA,Vintage Cars,8078.4,1,8078.4
2004,10/21/2004 0:00,4,Medium,USA,Trucks and Buses,4181.44,1,4181.44
2004,10/21/2004 0:00,4,Medium,USA,Vintage Cars,3535.95,1,3535.95
2004,10/21/2004 0:00,4,Medium,USA,Vintage Cars,3711.1,1,3711.1
2004,10/21/2004 0:00,4,Medium,USA,Vintage Cars,3843.34,1,3843.34
2004,10/21/2004 0:00,4,Medium,USA,Vintage Cars,3881.25,1,3881.25
2004,10/21/2004 0:00,4,Medium,USA,Vintage Cars,4457.02,1,4457.02
2004,10/21/2004 0:00,4,Medium,USA,Vintage Cars,4729.36,1,4729.36
2004,10/21/2004 0:00,4,Medium,USA,Vintage Cars,4884.88,1,4884.88
2004,10/21/2004 0:00,4,Small,USA,Vintage Cars,865.49,1,865.49
2004,10/21/2004 0:00,4,Small,USA,Vintage Cars,1093.99,1,1093.99
2004,10/21/2004 0:00,4,Small,USA,Vintage Cars,1105.25,1,1105.25
2004,10/21/2004 0:00,4,Small,USA,Vintage Cars,1152.06,1,1152.06
2004,10/21/2004 0:00,4,Small,USA,Vintage Cars,1834.5,1,1834.5
2004,10/21/2004 0:00,4,Small,USA,Vintage Cars,1880.2,1,1880.2
2004,10/21/2004 0:00,4,Small,USA,Vintage Cars,2217.15,1,2217.15
2004,10/22/2004 0:00,4,Large,Denmark,Classic Cars,7975.44,1,7975.44
2004,10/22/2004 0:00,4,Medium,Canada,Classic Cars,4572.25,1,4572.25
2004,10/22/2004 0:00,4,Medium,Canada,Classic Cars,6678.0,1,6678.0
2004,10/22/2004 0:00,4,Medium,Canada,Trucks and Buses,3416.78,1,3416.78
2004,10/22/2004 0:00,4,Medium,Canada,Trucks and Buses,5581.8,1,5581.8
2004,10/22/2004 0:00,4,Medium,Denmark,Classic Cars,4000.26,1,4000.26
2004,10/22/2004 0:00,4,Medium,Denmark,Classic Cars,4206.74,1,4206.74
2004,10/22/2004 0:00,4,Medium,Denmark,Classic Cars,5776.26,1,5776.26
2004,10/22/2004 0:00,4,Medium,Denmark,Classic Cars,6393.54,1,6393.54
2004,10/22/2004 0:00,4,Medium,Denmark,Classic Cars,6913.8,1,6913.8
2004,10/22/2004 0:00,4,Medium,Denmark,Trucks and Buses,3403.12,1,3403.12
2004,10/22/2004 0:00,4,Medium,Denmark,Trucks and Buses,6185.7,1,6185.7
2004,10/22/2004 0:00,4,Small,Canada,Classic Cars,2973.9,1,2973.9
2004,10/22/2004 0:00,4,Small,Canada,Trucks and Buses,1727.1,1,1727.1
2004,10/22/2004 0:00,4,Small,Canada,Trucks and Buses,1797.58,1,1797.58
2004,10/22/2004 0:00,4,Small,Canada,Trucks and Buses,1912.16,1,1912.16
2004,10/22/2004 0:00,4,Small,Canada,Trucks and Buses,2366.28,1,2366.28
2004,10/22/2004 0:00,4,Small,Canada,Trucks and Buses,2669.1,1,2669.1
2004,10/22/2004 0:00,4,Small,Canada,Trucks and Buses,2881.76,1,2881.76
2004,10/22/2004 0:00,4,Small,Denmark,Classic Cars,1448.07,1,1448.07
2004,10/22/2004 0:00,4,Small,Denmark,Classic Cars,2339.92,1,2339.92
2004,10/22/2004 0:00,4,Small,Denmark,Ships,1753.06,1,1753.06
2004,10/22/2004 0:00,4,Small,Denmark,Trains,2327.15,1,2327.15
2004,10/22/2004 0:00,4,Small,Denmark,Trains,2337.38,1,2337.38
2004,10/22/2004 0:00,4,Small,Denmark,Trains,2481.7,1,2481.7
2004,10/22/2004 0:00,4,Small,Denmark,Vintage Cars,2731.8,1,2731.8
2004,11/1/2004 0:00,4,Medium,UK,Classic Cars,4128.96,1,4128.96
2004,11/1/2004 0:00,4,Medium,UK,Planes,3609.6,1,3609.6
2004,11/1/2004 0:00,4,Medium,UK,Planes,3704.13,1,3704.13
2004,11/1/2004 0:00,4,Medium,UK,Ships,3573.6,1,3573.6
2004,11/1/2004 0:00,4,Medium,UK,Ships,4195.8,1,4195.8
2004,11/1/2004 0:00,4,Medium,UK,Vintage Cars,3615.71,1,3615.71
2004,11/1/2004 0:00,4,Medium,UK,Vintage Cars,4080.07,1,4080.07
2004,11/1/2004 0:00,4,Small,UK,Planes,1485.8,1,1485.8
2004,11/1/2004 0:00,4,Small,UK,Planes,2166.14,1,2166.14
2004,11/1/2004 0:00,4,Small,UK,Planes,2333.7,1,2333.7
2004,11/1/2004 0:00,4,Small,UK,Planes,2706.41,1,2706.41
2004,11/1/2004 0:00,4,Small,UK,Planes,2736.36,1,2736.36
2004,11/1/2004 0:00,4,Small,UK,Planes,2795.14,1,2795.14
2004,11/1/2004 0:00,4,Small,UK,Planes,2872.25,1,2872.25
2004,11/1/2004 0:00,4,Small,UK,Ships,1987.02,1,1987.02
2004,11/1/2004 0:00,4,Small,UK,Vintage Cars,1419.84,1,1419.84
2004,11/1/2004 0:00,4,Small,UK,Vintage Cars,1617.38,1,1617.38
2004,11/1/2004 0:00,4,Small,UK,Vintage Cars,2306.25,1,2306.25
2004,11/10/2004 0:00,4,Medium,Denmark,Planes,4781.7,1,4781.7
2004,11/10/2004 0:00,4,Medium,Denmark,Ships,3204.57,1,3204.57
2004,11/10/2004 0:00,4,Medium,Denmark,Ships,3209.38,1,3209.38
2004,11/10/2004 0:00,4,Medium,Denmark,Ships,3440.0,1,3440.0
2004,11/10/2004 0:00,4,Medium,Denmark,Ships,3469.2,1,3469.2
2004,11/10/2004 0:00,4,Small,Denmark,Planes,2804.75,1,2804.75
2004,11/10/2004 0:00,4,Small,Denmark,Ships,1146.5,1,1146.5
2004,11/10/2004 0:00,4,Small,Denmark,Ships,2022.51,1,2022.51
2004,11/12/2004 0:00,4,Medium,Italy,Planes,3348.93,1,3348.93
2004,11/12/2004 0:00,4,Medium,Italy,Planes,4021.53,1,4021.53
2004,11/12/2004 0:00,4,Medium,Italy,Planes,4072.2,1,4072.2
2004,11/12/2004 0:00,4,Medium,Italy,Planes,4114.38,1,4114.38
2004,11/12/2004 0:00,4,Medium,Italy,Ships,4156.58,1,4156.58
2004,11/12/2004 0:00,4,Medium,Italy,Vintage Cars,3815.48,1,3815.48
2004,11/12/2004 0:00,4,Small,Italy,Planes,2112.0,1,2112.0
2004,11/12/2004 0:00,4,Small,Italy,Planes,2616.98,1,2616.98
2004,11/12/2004 0:00,4,Small,Italy,Planes,2675.05,1,2675.05
2004,11/12/2004 0:00,4,Small,Italy,Planes,2762.1,1,2762.1
2004,11/12/2004 0:00,4,Small,Italy,Planes,2828.16,1,2828.16
2004,11/12/2004 0:00,4,Small,Italy,Vintage Cars,1459.6,1,1459.6
2004,11/12/2004 0:00,4,Small,Italy,Vintage Cars,1765.62,1,1765.62
2004,11/12/2004 0:00,4,Small,Italy,Vintage Cars,1948.08,1,1948.08
2004,11/15/2004 0:00,4,Medium,USA,Classic Cars,3607.56,1,3607.56
2004,11/15/2004 0:00,4,Medium,USA,Classic Cars,3846.98,1,3846.98
2004,11/15/2004 0:00,4,Medium,USA,Motorcycles,3176.0,1,3176.0
2004,11/15/2004 0:00,4,Medium,USA,Motorcycles,3493.91,1,3493.91
2004,11/15/2004 0:00,4,Medium,USA,Motorcycles,3542.64,1,3542.64
2004,11/15/2004 0:00,4,Medium,USA,Motorcycles,4396.14,1,4396.14
2004,11/15/2004 0:00,4,Medium,USA,Motorcycles,5266.04,1,5266.04
2004,11/15/2004 0:00,4,Medium,USA,Motorcycles,5868.2,1,5868.2
2004,11/15/2004 0:00,4,Medium,USA,Planes,3789.72,1,3789.72
2004,11/15/2004 0:00,4,Small,USA,Classic Cars,2245.8,1,2245.8
2004,11/15/2004 0:00,4,Small,USA,Classic Cars,2524.86,1,2524.86
2004,11/15/2004 0:00,4,Small,USA,Classic Cars,2930.27,1,2930.27
2004,11/15/2004 0:00,4,Small,USA,Classic Cars,2954.81,1,2954.81
2004,11/15/2004 0:00,4,Small,USA,Motorcycles,2633.4,1,2633.4
2004,11/15/2004 0:00,4,Small,USA,Motorcycles,2875.95,1,2875.95
2004,11/16/2004 0:00,4,Medium,Philippines,Classic Cars,4405.22,1,4405.22
2004,11/16/2004 0:00,4,Medium,Philippines,Classic Cars,6101.0,1,6101.0
2004,11/16/2004 0:00,4,Medium,Philippines,Motorcycles,3403.26,1,3403.26
2004,11/16/2004 0:00,4,Small,Philippines,Motorcycles,2019.27,1,2019.27
2004,11/17/2004 0:00,4,Medium,USA,Classic Cars,3078.5,1,3078.5
2004,11/17/2004 0:00,4,Medium,USA,Classic Cars,3135.93,1,3135.93
2004,11/17/2004 0:00,4,Medium,USA,Classic Cars,4170.69,1,4170.69
2004,11/17/2004 0:00,4,Medium,USA,Classic Cars,4849.24,1,4849.24
2004,11/17/2004 0:00,4,Medium,USA,Classic Cars,5715.4,1,5715.4
2004,11/17/2004 0:00,4,Medium,USA,Classic Cars,6434.02,1,6434.02
2004,11/17/2004 0:00,4,Medium,USA,Motorcycles,3657.8,1,3657.8
2004,11/17/2004 0:00,4,Medium,USA,Motorcycles,4102.56,1,4102.56
2004,11/17/2004 0:00,4,Medium,USA,Motorcycles,5026.56,1,5026.56
2004,11/17/2004 0:00,4,Medium,USA,Vintage Cars,3257.76,1,3257.76
2004,11/17/2004 0:00,4,Small,USA,Classic Cars,974.1,1,974.1
2004,11/17/2004 0:00,4,Small,USA,Classic Cars,1140.48,1,1140.48
2004,11/17/2004 0:00,4,Small,USA,Classic Cars,1687.4,1,1687.4
2004,11/17/2004 0:00,4,Small,USA,Classic Cars,1765.66,1,1765.66
2004,11/18/2004 0:00,4,Large,USA,Vintage Cars,11336.7,1,11336.7
2004,11/18/2004 0:00,4,Medium,USA,Classic Cars,3003.0,1,3003.0
2004,11/18/2004 0:00,4,Medium,USA,Trucks and Buses,3273.93,1,3273.93
2004,11/18/2004 0:00,4,Medium,USA,Vintage Cars,4424.16,1,4424.16
2004,11/18/2004 0:00,4,Small,USA,Trucks and Buses,1167.25,1,1167.25
2004,11/18/2004 0:00,4,Small,USA,Trucks and Buses,2431.77,1,2431.77
2004,11/18/2004 0:00,4,Small,USA,Vintage Cars,1916.64,1,1916.64
2004,11/18/2004 0:00,4,Small,USA,Vintage Cars,2795.27,1,2795.27
2004,11/19/2004 0:00,4,Medium,USA,Trucks and Buses,4746.28,1,4746.28
2004,11/19/2004 0:00,4,Small,USA,Classic Cars,1225.29,1,1225.29
2004,11/19/2004 0:00,4,Small,USA,Trucks and Buses,2424.0,1,2424.0
2004,11/2/2004 0:00,4,Large,USA,Motorcycles,7667.14,1,7667.14
2004,11/2/2004 0:00,4,Large,USA,Planes,7119.0,1,7119.0
2004,11/2/2004 0:00,4,Medium,USA,Motorcycles,4358.04,1,4358.04
2004,11/2/2004 0:00,4,Medium,USA,Motorcycles,5305.36,1,5305.36
2004,11/2/2004 0:00,4,Medium,USA,Motorcycles,5566.5,1,5566.5
2004,11/2/2004 0:00,4,Medium,USA,Motorcycles,6437.28,1,6437.28
2004,11/2/2004 0:00,4,Medium,USA,Planes,3116.43,1,3116.43
2004,11/2/2004 0:00,4,Small,USA,Motorcycles,2213.4,1,2213.4
2004,11/2/2004 0:00,4,Small,USA,Motorcycles,2257.58,1,2257.58
2004,11/2/2004 0:00,4,Small,USA,Planes,2916.2,1,2916.2
2004,11/21/2004 0:00,4,Medium,USA,Classic Cars,5679.36,1,5679.36
2004,11/21/2004 0:00,4,Medium,USA,Ships,4080.72,1,4080.72
2004,11/21/2004 0:00,4,Medium,USA,Vintage Cars,4498.19,1,4498.19
2004,11/21/2004 0:00,4,Small,USA,Classic Cars,1201.25,1,1201.25
2004,11/21/2004 0:00,4,Small,USA,Ships,2087.13,1,2087.13
2004,11/21/2004 0:00,4,Small,USA,Ships,2530.8,1,2530.8
2004,11/21/2004 0:00,4,Small,USA,Ships,2588.04,1,2588.04
2004,11/21/2004 0:00,4,Small,USA,Ships,2770.78,1,2770.78
2004,11/21/2004 0:00,4,Small,USA,Trains,2296.77,1,2296.77
2004,11/24/2004 0:00,4,Large,Austria,Motorcycles,7737.93,1,7737.93
2004,11/24/2004 0:00,4,Large,Austria,Motorcycles,8118.55,1,8118.55
2004,11/24/2004 0:00,4,Medium,Austria,Classic Cars,3368.16,1,3368.16
2004,11/24/2004 0:00,4,Medium,Austria,Classic Cars,3584.25,1,3584.25
2004,11/24/2004 0:00,4,Medium,Austria,Classic Cars,4136.0,1,4136.0
2004,11/24/2004 0:00,4,Medium,Austria,Classic Cars,4220.92,1,4220.92
2004,11/24/2004 0:00,4,Medium,Austria,Motorcycles,3307.2,1,3307.2
2004,11/24/2004 0:00,4,Medium,Austria,Motorcycles,4682.36,1,4682.36
2004,11/24/2004 0:00,4,Medium,Austria,Planes,3644.12,1,3644.12
2004,11/24/2004 0:00,4,Medium,France,Classic Cars,3098.7,1,3098.7
2004,11/24/2004 0:00,4,Medium,France,Classic Cars,3734.72,1,3734.72
2004,11/24/2004 0:00,4,Medium,France,Classic Cars,5848.92,1,5848.92
2004,11/24/2004 0:00,4,Medium,France,Motorcycles,3713.16,1,3713.16
2004,11/24/2004 0:00,4,Small,Austria,Motorcycles,2201.62,1,2201.62
2004,11/24/2004 0:00,4,Small,France,Classic Cars,977.67,1,977.67
2004,11/24/2004 0:00,4,Small,France,Classic Cars,1308.0,1,1308.0
2004,11/29/2004 0:00,4,Medium,USA,Classic Cars,3325.92,1,3325.92
2004,11/29/2004 0:00,4,Small,USA,Classic Cars,2093.76,1,2093.76
2004,11/29/2004 0:00,4,Small,USA,Classic Cars,2492.88,1,2492.88
2004,11/29/2004 0:00,4,Small,USA,Classic Cars,2876.75,1,2876.75
2004,11/29/2004 0:00,4,Small,USA,Vintage Cars,1516.62,1,1516.62
2004,11/29/2004 0:00,4,Small,USA,Vintage Cars,2143.68,1,2143.68
2004,11/3/2004 0:00,4,Large,USA,Classic Cars,7901.1,1,7901.1
2004,11/3/2004 0:00,4,Medium,USA,Classic Cars,3403.08,1,3403.08
2004,11/3/2004 0:00,4,Medium,USA,Classic Cars,3684.67,1,3684.67
2004,11/3/2004 0:00,4,Medium,USA,Motorcycles,3478.05,1,3478.05
2004,11/3/2004 0:00,4,Medium,USA,Motorcycles,4111.8,1,4111.8
2004,11/3/2004 0:00,4,Small,USA,Motorcycles,1108.38,1,1108.38
2004,11/3/2004 0:00,4,Small,USA,Motorcycles,2533.63,1,2533.63
2004,11/3/2004 0:00,4,Small,USA,Motorcycles,2598.64,1,2598.64
2004,11/3/2004 0:00,4,Small,USA,Motorcycles,2626.8,1,2626.8
2004,11/4/2004 0:00,4,Large,USA,Vintage Cars,12536.5,1,12536.5
2004,11/4/2004 0:00,4,Medium,USA,Classic Cars,3305.25,1,3305.25
2004,11/4/2004 0:00,4,Medium,USA,Classic Cars,3734.0,1,3734.0
2004,11/4/2004 0:00,4,Medium,USA,Classic Cars,4052.88,1,4052.88
2004,11/4/2004 0:00,4,Medium,USA,Classic Cars,4232.76,1,4232.76
2004,11/4/2004 0:00,4,Medium,USA,Classic Cars,4489.76,1,4489.76
2004,11/4/2004 0:00,4,Medium,USA,Classic Cars,5700.09,1,5700.09
2004,11/4/2004 0:00,4,Medium,USA,Classic Cars,5803.14,1,5803.14
2004,11/4/2004 0:00,4,Medium,USA,Classic Cars,6000.4,1,6000.4
2004,11/4/2004 0:00,4,Medium,USA,Trucks and Buses,4784.13,1,4784.13
2004,11/4/2004 0:00,4,Medium,USA,Vintage Cars,3500.1,1,3500.1
2004,11/4/2004 0:00,4,Medium,USA,Vintage Cars,3524.73,1,3524.73
2004,11/4/2004 0:00,4,Medium,USA,Vintage Cars,3710.9,1,3710.9
2004,11/4/2004 0:00,4,Medium,USA,Vintage Cars,5797.44,1,5797.44
2004,11/4/2004 0:00,4,Small,USA,Classic Cars,1229.51,1,1229.51
2004,11/4/2004 0:00,4,Small,USA,Classic Cars,1888.95,1,1888.95
2004,11/4/2004 0:00,4,Small,USA,Classic Cars,2028.48,1,2028.48
2004,11/4/2004 0:00,4,Small,USA,Classic Cars,2116.5,1,2116.5
2004,11/4/2004 0:00,4,Small,USA,Classic Cars,2181.0,1,2181.0
2004,11/4/2004 0:00,4,Small,USA,Classic Cars,2851.2,1,2851.2
2004,11/4/2004 0:00,4,Small,USA,Classic Cars,2851.54,1,2851.54
2004,11/4/2004 0:00,4,Small,USA,Classic Cars,2905.98,1,2905.98
2004,11/4/2004 0:00,4,Small,USA,Classic Cars,2984.88,1,2984.88
2004,11/4/2004 0:00,4,Small,USA,Trucks and Buses,2142.35,1,2142.35
2004,11/4/2004 0:00,4,Small,USA,Trucks and Buses,2251.04,1,2251.04
2004,11/4/2004 0:00,4,Small,USA,Vintage Cars,1224.67,1,1224.67
2004,11/4/2004 0:00,4,Small,USA,Vintage Cars,2257.92,1,2257.92
2004,11/4/2004 0:00,4,Small,USA,Vintage Cars,2364.88,1,2364.88
2004,11/4/2004 0:00,4,Small,USA,Vintage Cars,2624.0,1,2624.0
2004,11/5/2004 0:00,4,Large,Norway,Trucks and Buses,8844.12,1,8844.12
2004,11/5/2004 0:00,4,Large,USA,Classic Cars,7207.45,1,7207.45
2004,11/5/2004 0:00,4,Large,USA,Trucks and Buses,8209.44,1,8209.44
2004,11/5/2004 0:00,4,Medium,Norway,Classic Cars,3051.71,1,3051.71
2004,11/5/2004 0:00,4,Medium,Norway,Classic Cars,5325.76,1,5325.76
2004,11/5/2004 0:00,4,Medium,Norway,Trains,5377.4,1,5377.4
2004,11/5/2004 0:00,4,Medium,Norway,Trains,5932.96,1,5932.96
2004,11/5/2004 0:00,4,Medium,Norway,Trucks and Buses,5190.42,1,5190.42
2004,11/5/2004 0:00,4,Medium,USA,Classic Cars,3155.49,1,3155.49
2004,11/5/2004 0:00,4,Medium,USA,Classic Cars,3338.1,1,3338.1
2004,11/5/2004 0:00,4,Medium,USA,Classic Cars,4248.3,1,4248.3
2004,11/5/2004 0:00,4,Medium,USA,Classic Cars,5379.71,1,5379.71
2004,11/5/2004 0:00,4,Medium,USA,Trucks and Buses,3820.44,1,3820.44
2004,11/5/2004 0:00,4,Medium,USA,Vintage Cars,6267.69,1,6267.69
2004,11/5/2004 0:00,4,Medium,USA,Vintage Cars,6832.02,1,6832.02
2004,11/5/2004 0:00,4,Small,Norway,Classic Cars,2583.6,1,2583.6
2004,11/5/2004 0:00,4,Small,Norway,Classic Cars,2688.0,1,2688.0
2004,11/5/2004 0:00,4,Small,Norway,Vintage Cars,1658.88,1,1658.88
2004,11/5/2004 0:00,4,Small,USA,Classic Cars,1466.91,1,1466.91
2004,11/5/2004 0:00,4,Small,USA,Classic Cars,1729.0,1,1729.0
2004,11/5/2004 0:00,4,Small,USA,Trucks and Buses,1236.84,1,1236.84
2004,11/5/2004 0:00,4,Small,USA,Trucks and Buses,1517.88,1,1517.88
2004,11/5/2004 0:00,4,Small,USA,Trucks and Buses,1963.6,1,1963.6
2004,12/1/2004 0:00,4,Large,USA,Classic Cars,7396.8,1,7396.8
2004,12/1/2004 0:00,4,Medium,USA,Classic Cars,3182.97,1,3182.97
2004,12/1/2004 0:00,4,Medium,USA,Classic Cars,4394.84,1,4394.84
2004,12/1/2004 0:00,4,Medium,USA,Classic Cars,4408.56,1,4408.56
2004,12/1/2004 0:00,4,Medium,USA,Classic Cars,6719.54,1,6719.54
2004,12/1/2004 0:00,4,Medium,USA,Trucks and Buses,5223.48,1,5223.48
2004,12/1/2004 0:00,4,Medium,USA,Trucks and Buses,5232.96,1,5232.96
2004,12/1/2004 0:00,4,Small,USA,Classic Cars,1336.68,1,1336.68
2004,12/1/2004 0:00,4,Small,USA,Classic Cars,2275.2,1,2275.2
2004,12/1/2004 0:00,4,Small,USA,Trucks and Buses,1535.49,1,1535.49
2004,12/10/2004 0:00,4,Medium,USA,Classic Cars,5691.84,1,5691.84
2004,12/10/2004 0:00,4,Medium,USA,Classic Cars,5780.92,1,5780.92
2004,12/10/2004 0:00,4,Medium,USA,Trucks and Buses,3559.64,1,3559.64
2004,12/10/2004 0:00,4,Medium,USA,Trucks and Buses,3822.0,1,3822.0
2004,12/10/2004 0:00,4,Medium,USA,Trucks and Buses,5960.36,1,5960.36
2004,12/10/2004 0:00,4,Medium,USA,Vintage Cars,3458.42,1,3458.42
2004,12/10/2004 0:00,4,Medium,USA,Vintage Cars,3572.33,1,3572.33
2004,12/10/2004 0:00,4,Medium,USA,Vintage Cars,5160.76,1,5160.76
2004,12/10/2004 0:00,4,Small,USA,Trucks and Buses,2541.59,1,2541.59
2004,12/10/2004 0:00,4,Small,USA,Vintage Cars,2604.25,1,2604.25
2004,12/15/2004 0:00,4,Medium,France,Classic Cars,3042.41,1,3042.41
2004,12/15/2004 0:00,4,Medium,France,Classic Cars,4764.48,1,4764.48
2004,12/15/2004 0:00,4,Medium,France,Trains,4301.22,1,4301.22
2004,12/15/2004 0:00,4,Medium,France,Trucks and Buses,4896.7,1,4896.7
2004,12/15/2004 0:00,4,Medium,France,Trucks and Buses,6358.68,1,6358.68
2004,12/15/2004 0:00,4,Small,France,Classic Cars,2603.04,1,2603.04
2004,12/15/2004 0:00,4,Small,France,Classic Cars,2624.64,1,2624.64
2004,12/15/2004 0:00,4,Small,France,Trains,1623.25,1,1623.25
2004,12/3/2004 0:00,4,Medium,USA,Planes,4935.28,1,4935.28
2004,12/3/2004 0:00,4,Small,USA,Planes,1661.22,1,1661.22
2004,12/3/2004 0:00,4,Small,USA,Planes,2579.36,1,2579.36
2004,12/3/2004 0:00,4,Small,USA,Ships,2352.67,1,2352.67
2004,12/4/2004 0:00,4,Medium,USA,Motorcycles,3733.82,1,3733.82
2004,12/4/2004 0:00,4,Medium,USA,Planes,3146.5,1,3146.5
2004,12/4/2004 0:00,4,Medium,USA,Planes,3302.4,1,3302.4
2004,12/4/2004 0:00,4,Medium,USA,Planes,3515.67,1,3515.67
2004,12/4/2004 0:00,4,Medium,USA,Planes,3523.85,1,3523.85
2004,12/4/2004 0:00,4,Medium,USA,Planes,5043.87,1,5043.87
2004,12/4/2004 0:00,4,Medium,USA,Vintage Cars,3288.4,1,3288.4
2004,12/4/2004 0:00,4,Small,USA,Planes,2008.44,1,2008.44
2004,12/4/2004 0:00,4,Small,USA,Vintage Cars,1780.4,1,1780.4
2004,12/9/2004 0:00,4,Large,France,Vintage Cars,9720.0,1,9720.0
2004,12/9/2004 0:00,4,Medium,France,Classic Cars,4196.8,1,4196.8
2004,12/9/2004 0:00,4,Medium,France,Motorcycles,3937.7,1,3937.7
2004,12/9/2004 0:00,4,Medium,France,Vintage Cars,3630.22,1,3630.22
2004,12/9/2004 0:00,4,Medium,France,Vintage Cars,4462.2,1,4462.2
2004,12/9/2004 0:00,4,Small,France,Classic Cars,1746.63,1,1746.63
2004,12/9/2004 0:00,4,Small,France,Vintage Cars,828.36,1,828.36
2004,12/9/2004 0:00,4,Small,France,Vintage Cars,1593.02,1,1593.02
2004,12/9/2004 0:00,4,Small,France,Vintage Cars,2509.0,1,2509.0
2004,2/10/2004 0:00,1,Large,USA,Classic Cars,8448.64,1,8448.64
2004,2/10/2004 0:00,1,Medium,USA,Trucks and Buses,4891.68,1,4891.68
2004,2/10/2004 0:00,1,Small,USA,Classic Cars,846.51,1,846.51
2004,2/10/2004 0:00,1,Small,USA,Trucks and Buses,1931.65,1,1931.65
2004,2/18/2004 0:00,1,Medium,Belgium,Ships,6804.63,1,6804.63
2004,2/18/2004 0:00,1,Medium,Belgium,Vintage Cars,3491.67,1,3491.67
2004,2/18/2004 0:00,1,Medium,Belgium,Vintage Cars,4417.38,1,4417.38
2004,2/18/2004 0:00,1,Small,Belgium,Ships,2231.0,1,2231.0
2004,2/18/2004 0:00,1,Small,Belgium,Trains,1855.41,1,1855.41
2004,2/19/2004 0:00,1,Medium,USA,Classic Cars,5997.6,1,5997.6
2004,2/19/2004 0:00,1,Medium,USA,Planes,3183.29,1,3183.29
2004,2/19/2004 0:00,1,Medium,USA,Planes,3246.75,1,3246.75
2004,2/19/2004 0:00,1,Medium,USA,Planes,6954.08,1,6954.08
2004,2/19/2004 0:00,1,Medium,USA,Ships,4187.22,1,4187.22
2004,2/19/2004 0:00,1,Medium,USA,Ships,4636.38,1,4636.38
2004,2/19/2004 0:00,1,Medium,USA,Vintage Cars,3025.05,1,3025.05
2004,2/19/2004 0:00,1,Medium,USA,Vintage Cars,3328.07,1,3328.07
2004,2/19/2004 0:00,1,Medium,USA,Vintage Cars,3703.46,1,3703.46
2004,2/19/2004 0:00,1,Medium,USA,Vintage Cars,3858.75,1,3858.75
2004,2/19/2004 0:00,1,Small,USA,Planes,1416.39,1,1416.39
2004,2/19/2004 0:00,1,Small,USA,Planes,2608.96,1,2608.96
2004,2/19/2004 0:00,1,Small,USA,Planes,2718.72,1,2718.72
2004,2/19/2004 0:00,1,Small,USA,Ships,1942.77,1,1942.77
2004,2/19/2004 0:00,1,Small,USA,Ships,2280.24,1,2280.24
2004,2/19/2004 0:00,1,Small,USA,Ships,2659.54,1,2659.54
2004,2/19/2004 0:00,1,Small,USA,Ships,2914.2,1,2914.2
2004,2/19/2004 0:00,1,Small,USA,Ships,2955.54,1,2955.54
2004,2/26/2004 0:00,1,Large,USA,Classic Cars,7343.9,1,7343.9
2004,2/26/2004 0:00,1,Medium,USA,Classic Cars,3231.36,1,3231.36
2004,2/26/2004 0:00,1,Medium,USA,Classic Cars,3892.08,1,3892.08
2004,2/26/2004 0:00,1,Medium,USA,Classic Cars,4161.38,1,4161.38
2004,2/26/2004 0:00,1,Medium,USA,Classic Cars,4420.32,1,4420.32
2004,2/26/2004 0:00,1,Small,USA,Classic Cars,1265.46,1,1265.46
2004,2/26/2004 0:00,1,Small,USA,Classic Cars,1557.72,1,1557.72
2004,2/4/2004 0:00,1,Large,Singapore,Classic Cars,7020.48,1,7020.48
2004,2/4/2004 0:00,1,Medium,Singapore,Trucks and Buses,3148.88,1,3148.88
2004,2/4/2004 0:00,1,Medium,Singapore,Trucks and Buses,4509.08,1,4509.08
2004,2/4/2004 0:00,1,Small,Singapore,Classic Cars,2728.0,1,2728.0
2004,2/4/2004 0:00,1,Small,Singapore,Trucks and Buses,2148.3,1,2148.3
2004,2/4/2004 0:00,1,Small,Singapore,Trucks and Buses,2244.9,1,2244.9
2004,2/4/2004 0:00,1,Small,Singapore,Trucks and Buses,2419.95,1,2419.95
2004,3/10/2004 0:00,1,Medium,USA,Classic Cars,6463.23,1,6463.23
2004,3/10/2004 0:00,1,Medium,USA,Trucks and Buses,3360.0,1,3360.0
2004,3/10/2004 0:00,1,Medium,USA,Vintage Cars,3181.53,1,3181.53
2004,3/10/2004 0:00,1,Medium,USA,Vintage Cars,3406.59,1,3406.59
2004,3/10/2004 0:00,1,Small,USA,Vintage Cars,2504.4,1,2504.4
2004,3/10/2004 0:00,1,Small,USA,Vintage Cars,2866.95,1,2866.95
2004,3/11/2004 0:00,1,Medium,USA,Classic Cars,4172.52,1,4172.52
2004,3/11/2004 0:00,1,Medium,USA,Classic Cars,5614.0,1,5614.0
2004,3/11/2004 0:00,1,Medium,USA,Classic Cars,6426.5,1,6426.5
2004,3/11/2004 0:00,1,Medium,USA,Trucks and Buses,3451.0,1,3451.0
2004,3/11/2004 0:00,1,Medium,USA,Trucks and Buses,3765.32,1,3765.32
2004,3/11/2004 0:00,1,Medium,USA,Trucks and Buses,4521.96,1,4521.96
2004,3/11/2004 0:00,1,Medium,USA,Trucks and Buses,4716.23,1,4716.23
2004,3/11/2004 0:00,1,Medium,USA,Trucks and Buses,5704.32,1,5704.32
2004,3/11/2004 0:00,1,Small,USA,Classic Cars,1085.04,1,1085.04
2004,3/11/2004 0:00,1,Small,USA,Trucks and Buses,1244.53,1,1244.53
2004,3/11/2004 0:00,1,Small,USA,Trucks and Buses,1667.4,1,1667.4
2004,3/11/2004 0:00,1,Small,USA,Trucks and Buses,2191.2,1,2191.2
2004,3/11/2004 0:00,1,Small,USA,Trucks and Buses,2793.0,1,2793.0
2004,3/11/2004 0:00,1,Small,USA,Vintage Cars,1569.75,1,1569.75
2004,3/20/2004 0:00,1,Medium,UK,Ships,4615.68,1,4615.68
2004,3/20/2004 0:00,1,Medium,UK,Ships,5652.94,1,5652.94
2004,3/20/2004 0:00,1,Medium,UK,Trains,4598.4,1,4598.4
2004,3/20/2004 0:00,1,Medium,UK,Vintage Cars,3606.02,1,3606.02
2004,3/20/2004 0:00,1,Small,UK,Ships,1192.56,1,1192.56
2004,3/20/2004 0:00,1,Small,UK,Ships,2296.84,1,2296.84
2004,3/20/2004 0:00,1,Small,UK,Ships,2885.05,1,2885.05
2004,3/20/2004 0:00,1,Small,UK,Vintage Cars,2059.19,1,2059.19
2004,3/29/2004 0:00,1,Medium,USA,Vintage Cars,3788.4,1,3788.4
2004,3/29/2004 0:00,1,Small,USA,Ships,2389.6,1,2389.6
2004,3/29/2004 0:00,1,Small,USA,Ships,2544.12,1,2544.12
2004,4/20/2004 0:00,2,Small,USA,Vintage Cars,1698.78,1,1698.78
2004,4/26/2004 0:00,2,Medium,USA,Vintage Cars,6154.18,1,6154.18
2004,4/26/2004 0:00,2,Small,USA,Vintage Cars,974.82,1,974.82
2004,4/3/2004 0:00,2,Medium,USA,Motorcycles,3153.6,1,3153.6
2004,4/3/2004 0:00,2,Small,USA,Motorcycles,1281.56,1,1281.56
2004,4/3/2004 0:00,2,Small,USA,Motorcycles,2852.08,1,2852.08
2004,4/5/2004 0:00,2,Large,USA,Motorcycles,7023.9,1,7023.9
2004,4/5/2004 0:00,2,Medium,USA,Motorcycles,3113.64,1,3113.64
2004,4/5/2004 0:00,2,Medium,USA,Motorcycles,4193.28,1,4193.28
2004,4/5/2004 0:00,2,Small,USA,Motorcycles,1045.98,1,1045.98
2004,4/5/2004 0:00,2,Small,USA,Motorcycles,1357.72,1,1357.72
2004,4/5/2004 0:00,2,Small,USA,Motorcycles,1366.8,1,1366.8
2004,4/5/2004 0:00,2,Small,USA,Motorcycles,2070.9,1,2070.9
2004,4/5/2004 0:00,2,Small,USA,Motorcycles,2299.0,1,2299.0
2004,4/5/2004 0:00,2,Small,USA,Motorcycles,2333.12,1,2333.12
2004,4/9/2004 0:00,2,Medium,Denmark,Classic Cars,3167.38,1,3167.38
2004,4/9/2004 0:00,2,Medium,Denmark,Classic Cars,5774.72,1,5774.72
2004,4/9/2004 0:00,2,Medium,Denmark,Classic Cars,6350.96,1,6350.96
2004,4/9/2004 0:00,2,Medium,Denmark,Classic Cars,6554.24,1,6554.24
2004,4/9/2004 0:00,2,Small,Denmark,Classic Cars,1484.2,1,1484.2
2004,4/9/2004 0:00,2,Small,Denmark,Classic Cars,2062.94,1,2062.94
2004,4/9/2004 0:00,2,Small,Denmark,Classic Cars,2935.15,1,2935.15
2004,4/9/2004 0:00,2,Small,Denmark,Classic Cars,2999.97,1,2999.97
2004,5/11/2004 0:00,2,Large,USA,Planes,8160.3,1,8160.3
2004,5/11/2004 0:00,2,Medium,USA,Motorcycles,3282.28,1,3282.28
2004,5/11/2004 0:00,2,Medium,USA,Planes,3002.4,1,3002.4
2004,5/11/2004 0:00,2,Medium,USA,Planes,3909.15,1,3909.15
2004,5/11/2004 0:00,2,Medium,USA,Planes,6055.72,1,6055.72
2004,5/11/2004 0:00,2,Medium,USA,Vintage Cars,3061.0,1,3061.0
2004,5/11/2004 0:00,2,Small,USA,Motorcycles,2803.2,1,2803.2
2004,5/11/2004 0:00,2,Small,USA,Planes,2363.22,1,2363.22
2004,5/11/2004 0:00,2,Small,USA,Planes,2668.68,1,2668.68
2004,5/11/2004 0:00,2,Small,USA,Planes,2747.53,1,2747.53
2004,5/11/2004 0:00,2,Small,USA,Planes,2760.94,1,2760.94
2004,5/11/2004 0:00,2,Small,USA,Planes,2831.54,1,2831.54
2004,5/11/2004 0:00,2,Small,USA,Planes,2956.8,1,2956.8
2004,5/11/2004 0:00,2,Small,USA,Vintage Cars,1869.48,1,1869.48
2004,5/18/2004 0:00,2,Large,USA,Motorcycles,7078.23,1,7078.23
2004,5/18/2004 0:00,2,Large,USA,Motorcycles,7552.28,1,7552.28
2004,5/18/2004 0:00,2,Medium,USA,Motorcycles,3188.64,1,3188.64
2004,5/18/2004 0:00,2,Medium,USA,Motorcycles,5756.52,1,5756.52
2004,5/18/2004 0:00,2,Small,USA,Motorcycles,1774.22,1,1774.22
2004,5/18/2004 0:00,2,Small,USA,Motorcycles,2637.18,1,2637.18
2004,5/4/2004 0:00,2,Medium,USA,Classic Cars,4591.72,1,4591.72
2004,5/4/2004 0:00,2,Medium,USA,Classic Cars,4628.8,1,4628.8
2004,5/4/2004 0:00,2,Medium,USA,Classic Cars,6120.34,1,6120.34
2004,5/4/2004 0:00,2,Medium,USA,Trucks and Buses,3043.04,1,3043.04
2004,5/4/2004 0:00,2,Medium,USA,Trucks and Buses,3451.0,1,3451.0
2004,5/4/2004 0:00,2,Medium,USA,Trucks and Buses,4133.64,1,4133.64
2004,5/4/2004 0:00,2,Medium,USA,Trucks and Buses,5920.4,1,5920.4
2004,5/4/2004 0:00,2,Small,USA,Trucks and Buses,2390.22,1,2390.22
2004,5/4/2004 0:00,2,Small,USA,Vintage Cars,2694.15,1,2694.15
2004,5/7/2004 0:00,2,Medium,USA,Ships,3162.95,1,3162.95
2004,5/7/2004 0:00,2,Medium,USA,Ships,3245.4,1,3245.4
2004,5/7/2004 0:00,2,Medium,USA,Ships,4157.2,1,4157.2
2004,5/7/2004 0:00,2,Medium,USA,Ships,6960.48,1,6960.48
2004,5/7/2004 0:00,2,Medium,USA,Trains,5082.42,1,5082.42
2004,5/7/2004 0:00,2,Medium,USA,Vintage Cars,3053.7,1,3053.7
2004,5/7/2004 0:00,2,Medium,USA,Vintage Cars,3170.16,1,3170.16
2004,5/7/2004 0:00,2,Medium,USA,Vintage Cars,3802.56,1,3802.56
2004,5/7/2004 0:00,2,Small,USA,Classic Cars,2910.4,1,2910.4
2004,5/7/2004 0:00,2,Small,USA,Ships,1506.96,1,1506.96
2004,5/7/2004 0:00,2,Small,USA,Ships,1553.58,1,1553.58
2004,5/7/2004 0:00,2,Small,USA,Ships,2428.48,1,2428.48
2004,5/7/2004 0:00,2,Small,USA,Ships,2568.24,1,2568.24
2004,5/7/2004 0:00,2,Small,USA,Vintage Cars,1755.13,1,1755.13
2004,5/8/2004 0:00,2,Medium,USA,Ships,3838.0,1,3838.0
2004,5/8/2004 0:00,2,Medium,USA,Vintage Cars,5600.5,1,5600.5
2004,5/8/2004 0:00,2,Small,USA,Planes,1356.4,1,1356.4
2004,5/8/2004 0:00,2,Small,USA,Planes,1843.52,1,1843.52
2004,5/8/2004 0:00,2,Small,USA,Vintage Cars,1742.5,1,1742.5
2004,6/14/2004 0:00,2,Medium,USA,Vintage Cars,3138.34,1,3138.34
2004,6/14/2004 0:00,2,Medium,USA,Vintage Cars,3628.94,1,3628.94
2004,6/14/2004 0:00,2,Medium,USA,Vintage Cars,4407.0,1,4407.0
2004,6/14/2004 0:00,2,Small,USA,Vintage Cars,2321.54,1,2321.54
2004,6/14/2004 0:00,2,Small,USA,Vintage Cars,2632.28,1,2632.28
2004,6/15/2004 0:00,2,Medium,Singapore,Classic Cars,3657.69,1,3657.69
2004,6/15/2004 0:00,2,Medium,Singapore,Classic Cars,4033.38,1,4033.38
2004,6/15/2004 0:00,2,Medium,Singapore,Classic Cars,5697.9,1,5697.9
2004,6/15/2004 0:00,2,Medium,Singapore,Trucks and Buses,3054.57,1,3054.57
2004,6/15/2004 0:00,2,Medium,Singapore,Trucks and Buses,3379.94,1,3379.94
2004,6/15/2004 0:00,2,Medium,Singapore,Trucks and Buses,3900.6,1,3900.6
2004,6/15/2004 0:00,2,Medium,Singapore,Trucks and Buses,4666.62,1,4666.62
2004,6/15/2004 0:00,2,Medium,Singapore,Trucks and Buses,5285.62,1,5285.62
2004,6/15/2004 0:00,2,Medium,Singapore,Trucks and Buses,6541.2,1,6541.2
2004,6/15/2004 0:00,2,Small,Singapore,Classic Cars,1030.44,1,1030.44
2004,6/15/2004 0:00,2,Small,Singapore,Classic Cars,1310.96,1,1310.96
2004,6/15/2004 0:00,2,Small,Singapore,Trucks and Buses,1476.6,1,1476.6
2004,6/15/2004 0:00,2,Small,Singapore,Trucks and Buses,1753.2,1,1753.2
2004,6/17/2004 0:00,2,Medium,Canada,Classic Cars,3378.24,1,3378.24
2004,6/17/2004 0:00,2,Medium,Canada,Ships,3021.48,1,3021.48
2004,6/17/2004 0:00,2,Medium,Canada,Ships,4071.5,1,4071.5
2004,6/17/2004 0:00,2,Medium,Canada,Ships,4512.6,1,4512.6
2004,6/17/2004 0:00,2,Small,Canada,Ships,1472.62,1,1472.62
2004,6/17/2004 0:00,2,Small,Canada,Ships,2108.0,1,2108.0
2004,6/17/2004 0:00,2,Small,Canada,Ships,2203.75,1,2203.75
2004,6/17/2004 0:00,2,Small,Canada,Vintage Cars,1790.6,1,1790.6
2004,6/17/2004 0:00,2,Small,Canada,Vintage Cars,2005.74,1,2005.74
2004,6/28/2004 0:00,2,Large,USA,Motorcycles,8336.94,1,8336.94
2004,6/28/2004 0:00,2,Medium,USA,Motorcycles,3676.76,1,3676.76
2004,6/28/2004 0:00,2,Medium,USA,Motorcycles,4307.52,1,4307.52
2004,6/28/2004 0:00,2,Medium,USA,Motorcycles,4472.0,1,4472.0
2004,6/28/2004 0:00,2,Medium,USA,Motorcycles,6434.4,1,6434.4
2004,6/28/2004 0:00,2,Medium,USA,Planes,5465.16,1,5465.16
2004,6/28/2004 0:00,2,Small,USA,Motorcycles,1997.5,1,1997.5
2004,6/28/2004 0:00,2,Small,USA,Motorcycles,2311.02,1,2311.02
2004,6/28/2004 0:00,2,Small,USA,Motorcycles,2477.21,1,2477.21
2004,6/28/2004 0:00,2,Small,USA,Planes,1808.4,1,1808.4
2004,6/28/2004 0:00,2,Small,USA,Planes,2843.61,1,2843.61
2004,6/30/2004 0:00,2,Medium,USA,Classic Cars,3913.69,1,3913.69
2004,6/30/2004 0:00,2,Medium,USA,Motorcycles,3330.98,1,3330.98
2004,6/30/2004 0:00,2,Medium,USA,Motorcycles,4206.5,1,4206.5
2004,6/30/2004 0:00,2,Small,USA,Classic Cars,2410.6,1,2410.6
2004,6/30/2004 0:00,2,Small,USA,Motorcycles,651.8,1,651.8
2004,6/30/2004 0:00,2,Small,USA,Motorcycles,2408.7,1,2408.7
2004,6/30/2004 0:00,2,Small,USA,Motorcycles,2626.08,1,2626.08
2004,6/8/2004 0:00,2,Medium,Denmark,Vintage Cars,3248.7,1,3248.7
2004,6/8/2004 0:00,2,Small,Denmark,Vintage Cars,1500.75,1,1500.75
2004,7/16/2004 0:00,3,Medium,Austria,Vintage Cars,4674.72,1,4674.72
2004,7/16/2004 0:00,3,Small,Austria,Vintage Cars,2018.56,1,2018.56
2004,7/20/2004 0:00,3,Large,USA,Classic Cars,7962.24,1,7962.24
2004,7/20/2004 0:00,3,Large,USA,Classic Cars,9169.0,1,9169.0
2004,7/20/2004 0:00,3,Medium,USA,Classic Cars,3070.54,1,3070.54
2004,7/20/2004 0:00,3,Medium,USA,Classic Cars,3734.0,1,3734.0
2004,7/20/2004 0:00,3,Medium,USA,Classic Cars,3928.6,1,3928.6
2004,7/20/2004 0:00,3,Medium,USA,Classic Cars,4283.01,1,4283.01
2004,7/20/2004 0:00,3,Medium,USA,Classic Cars,5818.4,1,5818.4
2004,7/20/2004 0:00,3,Medium,USA,Trucks and Buses,3012.27,1,3012.27
2004,7/20/2004 0:00,3,Medium,USA,Trucks and Buses,3345.26,1,3345.26
2004,7/20/2004 0:00,3,Medium,USA,Trucks and Buses,5093.5,1,5093.5
2004,7/20/2004 0:00,3,Medium,USA,Trucks and Buses,5605.05,1,5605.05
2004,7/20/2004 0:00,3,Small,USA,Classic Cars,1585.36,1,1585.36
2004,7/20/2004 0:00,3,Small,USA,Classic Cars,2913.3,1,2913.3
2004,7/20/2004 0:00,3,Small,USA,Trains,2443.26,1,2443.26
2004,7/20/2004 0:00,3,Small,USA,Trains,2908.35,1,2908.35
2004,7/20/2004 0:00,3,Small,USA,Trucks and Buses,1666.7,1,1666.7
2004,7/20/2004 0:00,3,Small,USA,Trucks and Buses,1732.0,1,1732.0
2004,7/21/2004 0:00,3,Medium,Belgium,Classic Cars,3508.8,1,3508.8
2004,7/21/2004 0:00,3,Medium,Belgium,Ships,3334.04,1,3334.04
2004,7/21/2004 0:00,3,Medium,Belgium,Ships,3446.0,1,3446.0
2004,7/21/2004 0:00,3,Medium,Belgium,Trains,5450.59,1,5450.59
2004,7/21/2004 0:00,3,Medium,Belgium,Vintage Cars,3984.96,1,3984.96
2004,7/21/2004 0:00,3,Medium,Belgium,Vintage Cars,4287.5,1,4287.5
2004,7/21/2004 0:00,3,Medium,Belgium,Vintage Cars,5026.4,1,5026.4
2004,7/21/2004 0:00,3,Medium,USA,Planes,6724.0,1,6724.0
2004,7/21/2004 0:00,3,Small,Belgium,Ships,1372.14,1,1372.14
2004,7/21/2004 0:00,3,Small,Belgium,Ships,1696.82,1,1696.82
2004,7/21/2004 0:00,3,Small,Belgium,Ships,2146.2,1,2146.2
2004,7/21/2004 0:00,3,Small,Belgium,Ships,2610.72,1,2610.72
2004,7/21/2004 0:00,3,Small,Belgium,Ships,2784.76,1,2784.76
2004,7/21/2004 0:00,3,Small,Belgium,Ships,2969.46,1,2969.46
2004,7/21/2004 0:00,3,Small,Belgium,Vintage Cars,2345.97,1,2345.97
2004,7/21/2004 0:00,3,Small,Belgium,Vintage Cars,2796.12,1,2796.12
2004,7/21/2004 0:00,3,Small,USA,Planes,1875.2,1,1875.2
2004,7/21/2004 0:00,3,Small,USA,Planes,2603.2,1,2603.2
2004,7/21/2004 0:00,3,Small,USA,Ships,2172.48,1,2172.48
2004,7/21/2004 0:00,3,Small,USA,Vintage Cars,1735.92,1,1735.92
2004,7/6/2004 0:00,3,Large,Italy,Classic Cars,9160.36,1,9160.36
2004,7/6/2004 0:00,3,Medium,Italy,Classic Cars,4468.4,1,4468.4
2004,7/6/2004 0:00,3,Medium,Italy,Classic Cars,4812.55,1,4812.55
2004,7/6/2004 0:00,3,Medium,Italy,Classic Cars,5035.14,1,5035.14
2004,7/6/2004 0:00,3,Medium,Italy,Classic Cars,5196.6,1,5196.6
2004,7/6/2004 0:00,3,Medium,Italy,Classic Cars,6203.4,1,6203.4
2004,7/6/2004 0:00,3,Small,Italy,Classic Cars,1352.4,1,1352.4
2004,7/6/2004 0:00,3,Small,Italy,Classic Cars,1373.6,1,1373.6
2004,7/6/2004 0:00,3,Small,Italy,Classic Cars,2454.54,1,2454.54
2004,7/6/2004 0:00,3,Small,Italy,Classic Cars,2464.77,1,2464.77
2004,7/6/2004 0:00,3,Small,Italy,Classic Cars,2526.51,1,2526.51
2004,7/6/2004 0:00,3,Small,Italy,Classic Cars,2681.35,1,2681.35
2004,7/6/2004 0:00,3,Small,Italy,Classic Cars,2824.8,1,2824.8
2004,7/6/2004 0:00,3,Small,Italy,Classic Cars,2932.08,1,2932.08
2004,7/6/2004 0:00,3,Small,Italy,Classic Cars,2935.15,1,2935.15
2004,7/7/2004 0:00,3,Medium,USA,Classic Cars,3204.0,1,3204.0
2004,7/7/2004 0:00,3,Medium,USA,Classic Cars,3315.12,1,3315.12
2004,7/7/2004 0:00,3,Medium,USA,Classic Cars,4256.56,1,4256.56
2004,7/7/2004 0:00,3,Medium,USA,Classic Cars,4645.72,1,4645.72
2004,7/7/2004 0:00,3,Medium,USA,Classic Cars,5110.98,1,5110.98
2004,7/7/2004 0:00,3,Small,USA,Classic Cars,2719.8,1,2719.8
2004,8/17/2004 0:00,3,Large,Italy,Classic Cars,8014.82,1,8014.82
2004,8/17/2004 0:00,3,Medium,Italy,Vintage Cars,3006.43,1,3006.43
2004,8/17/2004 0:00,3,Medium,Italy,Vintage Cars,3474.46,1,3474.46
2004,8/17/2004 0:00,3,Medium,Italy,Vintage Cars,3668.6,1,3668.6
2004,8/17/2004 0:00,3,Medium,Italy,Vintage Cars,3704.05,1,3704.05
2004,8/17/2004 0:00,3,Medium,Italy,Vintage Cars,4455.0,1,4455.0
2004,8/17/2004 0:00,3,Medium,Italy,Vintage Cars,4750.8,1,4750.8
2004,8/17/2004 0:00,3,Medium,Italy,Vintage Cars,5126.24,1,5126.24
2004,8/17/2004 0:00,3,Medium,Italy,Vintage Cars,5239.5,1,5239.5
2004,8/17/2004 0:00,3,Small,Italy,Trucks and Buses,2800.08,1,2800.08
2004,8/17/2004 0:00,3,Small,Italy,Vintage Cars,577.6,1,577.6
2004,8/17/2004 0:00,3,Small,Italy,Vintage Cars,1381.05,1,1381.05
2004,8/17/2004 0:00,3,Small,Italy,Vintage Cars,1557.36,1,1557.36
2004,8/17/2004 0:00,3,Small,Italy,Vintage Cars,1574.0,1,1574.0
2004,8/17/2004 0:00,3,Small,Italy,Vintage Cars,1656.69,1,1656.69
2004,8/17/2004 0:00,3,Small,Italy,Vintage Cars,2137.05,1,2137.05
2004,8/17/2004 0:00,3,Small,Italy,Vintage Cars,2954.53,1,2954.53
2004,8/19/2004 0:00,3,Large,USA,Classic Cars,7020.64,1,7020.64
2004,8/19/2004 0:00,3,Medium,USA,Classic Cars,4191.25,1,4191.25
2004,8/19/2004 0:00,3,Medium,USA,Trucks and Buses,5247.18,1,5247.18
2004,8/19/2004 0:00,3,Medium,USA,Trucks and Buses,5773.44,1,5773.44
2004,8/19/2004 0:00,3,Small,USA,Classic Cars,813.2,1,813.2
2004,8/19/2004 0:00,3,Small,USA,Classic Cars,2321.46,1,2321.46
2004,8/19/2004 0:00,3,Small,USA,Trucks and Buses,1674.17,1,1674.17
2004,8/19/2004 0:00,3,Small,USA,Trucks and Buses,1710.89,1,1710.89
2004,8/19/2004 0:00,3,Small,USA,Trucks and Buses,2402.07,1,2402.07
2004,8/19/2004 0:00,3,Small,USA,Trucks and Buses,2482.25,1,2482.25
2004,8/19/2004 0:00,3,Small,USA,Trucks and Buses,2779.5,1,2779.5
2004,8/19/2004 0:00,3,Small,USA,Trucks and Buses,2792.52,1,2792.52
2004,8/19/2004 0:00,3,Small,USA,Trucks and Buses,2938.5,1,2938.5
2004,8/19/2004 0:00,3,Small,USA,Vintage Cars,2634.28,1,2634.28
2004,8/2/2004 0:00,3,Large,USA,Classic Cars,9631.0,1,9631.0
2004,8/2/2004 0:00,3,Medium,USA,Classic Cars,3184.02,1,3184.02
2004,8/2/2004 0:00,3,Medium,USA,Classic Cars,3608.64,1,3608.64
2004,8/2/2004 0:00,3,Medium,USA,Classic Cars,3924.6,1,3924.6
2004,8/2/2004 0:00,3,Medium,USA,Classic Cars,5464.69,1,5464.69
2004,8/2/2004 0:00,3,Medium,USA,Classic Cars,5713.92,1,5713.92
2004,8/2/2004 0:00,3,Medium,USA,Motorcycles,3472.54,1,3472.54
2004,8/2/2004 0:00,3,Medium,USA,Motorcycles,4304.64,1,4304.64
2004,8/2/2004 0:00,3,Medium,USA,Motorcycles,5181.5,1,5181.5
2004,8/2/2004 0:00,3,Small,USA,Classic Cars,1224.6,1,1224.6
2004,8/2/2004 0:00,3,Small,USA,Classic Cars,2658.48,1,2658.48
2004,8/2/2004 0:00,3,Small,USA,Motorcycles,988.47,1,988.47
2004,8/2/2004 0:00,3,Small,USA,Motorcycles,1486.38,1,1486.38
2004,8/2/2004 0:00,3,Small,USA,Motorcycles,1661.88,1,1661.88
2004,8/20/2004 0:00,3,Large,USA,Classic Cars,7071.27,1,7071.27
2004,8/20/2004 0:00,3,Medium,USA,Classic Cars,3238.63,1,3238.63
2004,8/20/2004 0:00,3,Medium,USA,Classic Cars,3778.8,1,3778.8
2004,8/20/2004 0:00,3,Medium,USA,Classic Cars,4364.82,1,4364.82
2004,8/20/2004 0:00,3,Medium,USA,Classic Cars,4674.8,1,4674.8
2004,8/20/2004 0:00,3,Medium,USA,Classic Cars,4797.39,1,4797.39
2004,8/20/2004 0:00,3,Medium,USA,Ships,3724.23,1,3724.23
2004,8/20/2004 0:00,3,Medium,USA,Trains,4174.92,1,4174.92
2004,8/20/2004 0:00,3,Medium,USA,Trucks and Buses,4310.72,1,4310.72
2004,8/20/2004 0:00,3,Medium,USA,Vintage Cars,6695.53,1,6695.53
2004,8/20/2004 0:00,3,Small,USA,Classic Cars,1357.78,1,1357.78
2004,8/20/2004 0:00,3,Small,USA,Trains,2147.4,1,2147.4
2004,8/20/2004 0:00,3,Small,USA,Trains,2470.86,1,2470.86
2004,8/27/2004 0:00,3,Medium,USA,Motorcycles,3077.88,1,3077.88
2004,8/27/2004 0:00,3,Medium,USA,Motorcycles,3658.93,1,3658.93
2004,8/27/2004 0:00,3,Medium,USA,Motorcycles,3716.88,1,3716.88
2004,8/27/2004 0:00,3,Medium,USA,Motorcycles,4099.68,1,4099.68
2004,8/27/2004 0:00,3,Medium,USA,Motorcycles,5438.07,1,5438.07
2004,8/27/2004 0:00,3,Medium,USA,Motorcycles,6484.59,1,6484.59
2004,8/27/2004 0:00,3,Medium,USA,Motorcycles,6863.92,1,6863.92
2004,8/27/2004 0:00,3,Medium,USA,Planes,5392.8,1,5392.8
2004,8/27/2004 0:00,3,Small,USA,Motorcycles,981.2,1,981.2
2004,8/27/2004 0:00,3,Small,USA,Motorcycles,1518.11,1,1518.11
2004,8/27/2004 0:00,3,Small,USA,Motorcycles,2263.28,1,2263.28
2004,8/27/2004 0:00,3,Small,USA,Motorcycles,2600.26,1,2600.26
2004,8/27/2004 0:00,3,Small,USA,Motorcycles,2733.12,1,2733.12
2004,8/6/2004 0:00,3,Medium,USA,Classic Cars,3159.75,1,3159.75
2004,8/6/2004 0:00,3,Medium,USA,Classic Cars,3754.05,1,3754.05
2004,8/6/2004 0:00,3,Medium,USA,Classic Cars,4116.8,1,4116.8
2004,8/6/2004 0:00,3,Medium,USA,Classic Cars,4324.32,1,4324.32
2004,8/6/2004 0:00,3,Medium,USA,Classic Cars,4667.86,1,4667.86
2004,8/6/2004 0:00,3,Medium,USA,Classic Cars,6401.22,1,6401.22
2004,8/6/2004 0:00,3,Small,USA,Classic Cars,1205.59,1,1205.59
2004,8/6/2004 0:00,3,Small,USA,Classic Cars,1584.8,1,1584.8
2004,8/6/2004 0:00,3,Small,USA,Classic Cars,2604.52,1,2604.52
2004,8/6/2004 0:00,3,Small,USA,Classic Cars,2634.94,1,2634.94
2004,9/1/2004 0:00,3,Medium,Singapore,Classic Cars,4873.26,1,4873.26
2004,9/1/2004 0:00,3,Medium,Singapore,Classic Cars,6539.04,1,6539.04
2004,9/1/2004 0:00,3,Medium,Singapore,Vintage Cars,3822.92,1,3822.92
2004,9/1/2004 0:00,3,Medium,Singapore,Vintage Cars,5875.2,1,5875.2
2004,9/1/2004 0:00,3,Small,Singapore,Classic Cars,1688.43,1,1688.43
2004,9/1/2004 0:00,3,Small,Singapore,Classic Cars,2328.66,1,2328.66
2004,9/1/2004 0:00,3,Small,Singapore,Classic Cars,2381.04,1,2381.04
2004,9/1/2004 0:00,3,Small,Singapore,Classic Cars,2616.0,1,2616.0
2004,9/1/2004 0:00,3,Small,Singapore,Classic Cars,2830.45,1,2830.45
2004,9/1/2004 0:00,3,Small,Singapore,Classic Cars,2936.8,1,2936.8
2004,9/1/2004 0:00,3,Small,Singapore,Vintage Cars,1106.93,1,1106.93
2004,9/1/2004 0:00,3,Small,Singapore,Vintage Cars,1340.46,1,1340.46
2004,9/1/2004 0:00,3,Small,Singapore,Vintage Cars,1729.0,1,1729.0
2004,9/1/2004 0:00,3,Small,Singapore,Vintage Cars,2834.65,1,2834.65
2004,9/10/2004 0:00,3,Medium,USA,Classic Cars,3427.2,1,3427.2
2004,9/10/2004 0:00,3,Medium,USA,Ships,3473.78,1,3473.78
2004,9/10/2004 0:00,3,Medium,USA,Ships,4692.6,1,4692.6
2004,9/10/2004 0:00,3,Medium,USA,Vintage Cars,3908.62,1,3908.62
2004,9/10/2004 0:00,3,Small,USA,Ships,1958.84,1,1958.84
2004,9/10/2004 0:00,3,Small,USA,Ships,2576.2,1,2576.2
2004,9/7/2004 0:00,3,Medium,USA,Vintage Cars,5171.4,1,5171.4
2004,9/7/2004 0:00,3,Small,USA,Vintage Cars,2501.98,1,2501.98
2004,9/8/2004 0:00,3,Large,Sweden,Classic Cars,7136.19,1,7136.19
2004,9/8/2004 0:00,3,Large,USA,Classic Cars,7140.76,1,7140.76
2004,9/8/2004 0:00,3,Medium,Sweden,Classic Cars,3256.96,1,3256.96
2004,9/8/2004 0:00,3,Medium,Sweden,Classic Cars,3855.9,1,3855.9
2004,9/8/2004 0:00,3,Medium,Sweden,Trucks and Buses,4687.94,1,4687.94
2004,9/8/2004 0:00,3,Medium,Sweden,Trucks and Buses,5288.64,1,5288.64
2004,9/8/2004 0:00,3,Medium,Sweden,Trucks and Buses,5398.08,1,5398.08
2004,9/8/2004 0:00,3,Medium,Sweden,Trucks and Buses,6387.8,1,6387.8
2004,9/8/2004 0:00,3,Medium,Sweden,Vintage Cars,5713.79,1,5713.79
2004,9/8/2004 0:00,3,Medium,USA,Classic Cars,3832.38,1,3832.38
2004,9/8/2004 0:00,3,Medium,USA,Classic Cars,4554.94,1,4554.94
2004,9/8/2004 0:00,3,Medium,USA,Trucks and Buses,4528.86,1,4528.86
2004,9/8/2004 0:00,3,Medium,USA,Trucks and Buses,4983.14,1,4983.14
2004,9/8/2004 0:00,3,Small,Sweden,Trucks and Buses,1500.98,1,1500.98
2004,9/8/2004 0:00,3,Small,Sweden,Trucks and Buses,2178.54,1,2178.54
2004,9/8/2004 0:00,3,Small,Sweden,Trucks and Buses,2296.0,1,2296.0
2004,9/8/2004 0:00,3,Small,Sweden,Vintage Cars,1502.78,1,1502.78
2004,9/8/2004 0:00,3,Small,Sweden,Vintage Cars,1871.83,1,1871.83
2004,9/8/2004 0:00,3,Small,Sweden,Vintage Cars,2866.26,1,2866.26
2004,9/8/2004 0:00,3,Small,USA,Classic Cars,1172.34,1,1172.34
2004,9/8/2004 0:00,3,Small,USA,Classic Cars,2150.0,1,2150.0
2004,9/8/2004 0:00,3,Small,USA,Classic Cars,2844.87,1,2844.87
2004,9/8/2004 0:00,3,Small,USA,Trains,1927.45,1,1927.45
2004,9/8/2004 0:00,3,Small,USA,Trains,2099.63,1,2099.63
2004,9/8/2004 0:00,3,Small,USA,Trucks and Buses,2214.87,1,2214.87
2004,9/8/2004 0:00,3,Small,USA,Trucks and Buses,2326.5,1,2326.5
2004,9/9/2004 0:00,3,Large,Italy,Classic Cars,8253.0,1,8253.0
2004,9/9/2004 0:00,3,Large,Italy,Classic Cars,8411.56,1,8411.56
2004,9/9/2004 0:00,3,Medium,Italy,Classic Cars,4242.24,1,4242.24
2004,9/9/2004 0:00,3,Medium,Italy,Vintage Cars,4946.06,1,4946.06
2004,9/9/2004 0:00,3,Small,Italy,Ships,1921.92,1,1921.92
2004,9/9/2004 0:00,3,Small,Italy,Ships,2084.81,1,2084.81
2004,9/9/2004 0:00,3,Small,Italy,Ships,2941.89,1,2941.89
2004,9/9/2004 0:00,3,Small,Italy,Trains,2418.24,1,2418.24
2004,9/9/2004 0:00,3,Small,Italy,Vintage Cars,2819.28,1,2819.28
2005,1/12/2005 0:00,1,Large,USA,Vintage Cars,8884.8,1,8884.8
2005,1/12/2005 0:00,1,Medium,USA,Classic Cars,3751.0,1,3751.0
2005,1/12/2005 0:00,1,Medium,USA,Classic Cars,4808.38,1,4808.38
2005,1/12/2005 0:00,1,Medium,USA,Classic Cars,5018.4,1,5018.4
2005,1/12/2005 0:00,1,Medium,USA,Vintage Cars,3033.28,1,3033.28
2005,1/12/2005 0:00,1,Medium,USA,Vintage Cars,4196.07,1,4196.07
2005,1/12/2005 0:00,1,Medium,USA,Vintage Cars,4703.81,1,4703.81
2005,1/12/2005 0:00,1,Small,USA,Classic Cars,1267.77,1,1267.77
2005,1/12/2005 0:00,1,Small,USA,Classic Cars,1463.0,1,1463.0
2005,1/12/2005 0:00,1,Small,USA,Classic Cars,2758.7,1,2758.7
2005,1/12/2005 0:00,1,Small,USA,Vintage Cars,834.67,1,834.67
2005,1/12/2005 0:00,1,Small,USA,Vintage Cars,856.52,1,856.52
2005,1/12/2005 0:00,1,Small,USA,Vintage Cars,2696.96,1,2696.96
2005,1/19/2005 0:00,1,Medium,USA,Classic Cars,3662.52,1,3662.52
2005,1/19/2005 0:00,1,Medium,USA,Classic Cars,4107.2,1,4107.2
2005,1/19/2005 0:00,1,Medium,USA,Classic Cars,4223.13,1,4223.13
2005,1/19/2005 0:00,1,Small,USA,Classic Cars,1991.6,1,1991.6
2005,1/19/2005 0:00,1,Small,USA,Vintage Cars,1717.64,1,1717.64
2005,1/20/2005 0:00,1,Large,USA,Vintage Cars,9240.44,1,9240.44
2005,1/20/2005 0:00,1,Medium,USA,Classic Cars,4514.92,1,4514.92
2005,1/20/2005 0:00,1,Medium,USA,Vintage Cars,3156.16,1,3156.16
2005,1/20/2005 0:00,1,Medium,USA,Vintage Cars,3288.6,1,3288.6
2005,1/20/2005 0:00,1,Medium,USA,Vintage Cars,3476.8,1,3476.8
2005,1/20/2005 0:00,1,Medium,USA,Vintage Cars,4581.36,1,4581.36
2005,1/20/2005 0:00,1,Small,USA,Vintage Cars,1237.88,1,1237.88
2005,1/20/2005 0:00,1,Small,USA,Vintage Cars,1978.62,1,1978.62
2005,1/23/2005 0:00,1,Medium,USA,Classic Cars,3560.64,1,3560.64
2005,1/23/2005 0:00,1,Medium,USA,Classic Cars,4301.34,1,4301.34
2005,1/23/2005 0:00,1,Medium,USA,Classic Cars,5545.8,1,5545.8
2005,1/23/2005 0:00,1,Medium,USA,Trucks and Buses,3449.4,1,3449.4
2005,1/23/2005 0:00,1,Medium,USA,Trucks and Buses,4044.04,1,4044.04
2005,1/23/2005 0:00,1,Small,USA,Classic Cars,1408.96,1,1408.96
2005,1/23/2005 0:00,1,Small,USA,Classic Cars,2431.75,1,2431.75
2005,1/23/2005 0:00,1,Small,USA,Classic Cars,2602.25,1,2602.25
2005,1/23/2005 0:00,1,Small,USA,Trains,2986.5,1,2986.5
2005,1/23/2005 0:00,1,Small,USA,Trucks and Buses,1329.4,1,1329.4
2005,1/23/2005 0:00,1,Small,USA,Trucks and Buses,1749.79,1,1749.79
2005,1/23/2005 0:00,1,Small,USA,Trucks and Buses,2714.4,1,2714.4
2005,1/5/2005 0:00,1,Medium,USA,Motorcycles,3664.1,1,3664.1
2005,1/5/2005 0:00,1,Medium,USA,Motorcycles,3877.06,1,3877.06
2005,1/5/2005 0:00,1,Medium,USA,Motorcycles,4846.0,1,4846.0
2005,1/5/2005 0:00,1,Small,USA,Motorcycles,1142.41,1,1142.41
2005,1/7/2005 0:00,1,Medium,USA,Motorcycles,3425.18,1,3425.18
2005,1/7/2005 0:00,1,Medium,USA,Motorcycles,4984.32,1,4984.32
2005,1/7/2005 0:00,1,Small,USA,Classic Cars,2611.8,1,2611.8
2005,2/17/2005 0:00,1,Large,USA,Classic Cars,8254.8,1,8254.8
2005,2/17/2005 0:00,1,Large,USA,Vintage Cars,7827.3,1,7827.3
2005,2/17/2005 0:00,1,Large,USA,Vintage Cars,8935.5,1,8935.5
2005,2/17/2005 0:00,1,Medium,USA,Classic Cars,3241.9,1,3241.9
2005,2/17/2005 0:00,1,Medium,USA,Classic Cars,3823.64,1,3823.64
2005,2/17/2005 0:00,1,Medium,USA,Classic Cars,4071.85,1,4071.85
2005,2/17/2005 0:00,1,Medium,USA,Classic Cars,6231.54,1,6231.54
2005,2/17/2005 0:00,1,Medium,USA,Trucks and Buses,4704.0,1,4704.0
2005,2/17/2005 0:00,1,Medium,USA,Trucks and Buses,4890.6,1,4890.6
2005,2/17/2005 0:00,1,Medium,USA,Trucks and Buses,6799.68,1,6799.68
2005,2/17/2005 0:00,1,Medium,USA,Vintage Cars,4288.2,1,4288.2
2005,2/17/2005 0:00,1,Medium,USA,Vintage Cars,4319.76,1,4319.76
2005,2/17/2005 0:00,1,Medium,USA,Vintage Cars,4592.61,1,4592.61
2005,2/17/2005 0:00,1,Small,USA,Classic Cars,1864.56,1,1864.56
2005,2/17/2005 0:00,1,Small,USA,Classic Cars,2200.0,1,2200.0
2005,2/17/2005 0:00,1,Small,USA,Trucks and Buses,1701.7,1,1701.7
2005,2/17/2005 0:00,1,Small,USA,Trucks and Buses,2130.56,1,2130.56
2005,2/17/2005 0:00,1,Small,USA,Trucks and Buses,2654.4,1,2654.4
2005,2/17/2005 0:00,1,Small,USA,Trucks and Buses,2708.42,1,2708.42
2005,2/17/2005 0:00,1,Small,USA,Trucks and Buses,2952.0,1,2952.0
2005,2/17/2005 0:00,1,Small,USA,Vintage Cars,1320.75,1,1320.75
2005,2/17/2005 0:00,1,Small,USA,Vintage Cars,2723.2,1,2723.2
2005,2/23/2005 0:00,1,Medium,USA,Classic Cars,4846.7,1,4846.7
2005,2/23/2005 0:00,1,Medium,USA,Ships,6397.44,1,6397.44
2005,2/23/2005 0:00,1,Medium,USA,Vintage Cars,4208.41,1,4208.41
2005,2/23/2005 0:00,1,Small,USA,Ships,2255.12,1,2255.12
2005,2/28/2005 0:00,1,Medium,USA,Vintage Cars,3164.98,1,3164.98
2005,2/28/2005 0:00,1,Small,USA,Ships,1933.5,1,1933.5
2005,2/8/2005 0:00,1,Medium,USA,Classic Cars,3987.2,1,3987.2
2005,3/10/2005 0:00,1,Medium,Austria,Vintage Cars,4035.96,1,4035.96
2005,3/10/2005 0:00,1,Small,Austria,Vintage Cars,2218.52,1,2218.52
2005,3/10/2005 0:00,1,Small,Austria,Vintage Cars,2520.68,1,2520.68
2005,3/17/2005 0:00,1,Large,France,Trains,8977.05,1,8977.05
2005,3/17/2005 0:00,1,Medium,France,Classic Cars,3370.56,1,3370.56
2005,3/17/2005 0:00,1,Medium,France,Trucks and Buses,5692.96,1,5692.96
2005,3/17/2005 0:00,1,Small,France,Classic Cars,2280.96,1,2280.96
2005,3/23/2005 0:00,1,Medium,USA,Classic Cars,6109.29,1,6109.29
2005,3/23/2005 0:00,1,Medium,USA,Ships,5720.75,1,5720.75
2005,3/23/2005 0:00,1,Medium,USA,Vintage Cars,3351.09,1,3351.09
2005,3/23/2005 0:00,1,Medium,USA,Vintage Cars,4739.4,1,4739.4
2005,3/23/2005 0:00,1,Medium,USA,Vintage Cars,5273.73,1,5273.73
2005,3/23/2005 0:00,1,Small,USA,Ships,2600.13,1,2600.13
2005,3/23/2005 0:00,1,Small,USA,Trains,2154.0,1,2154.0
2005,3/23/2005 0:00,1,Small,USA,Vintage Cars,2246.4,1,2246.4
2005,3/28/2005 0:00,1,Medium,France,Ships,3789.72,1,3789.72
2005,3/28/2005 0:00,1,Medium,France,Ships,5192.64,1,5192.64
2005,3/28/2005 0:00,1,Small,France,Ships,1463.0,1,1463.0
2005,3/28/2005 0:00,1,Small,France,Ships,2116.16,1,2116.16
2005,3/28/2005 0:00,1,Small,France,Ships,2577.6,1,2577.6
2005,3/3/2005 0:00,1,Large,USA,Planes,7154.5,1,7154.5
2005,3/3/2005 0:00,1,Large,USA,Planes,10066.6,1,10066.6
2005,3/3/2005 0:00,1,Medium,Sweden,Classic Cars,3881.78,1,3881.78
2005,3/3/2005 0:00,1,Medium,Sweden,Classic Cars,5243.79,1,5243.79
2005,3/3/2005 0:00,1,Medium,Sweden,Motorcycles,3988.6,1,3988.6
2005,3/3/2005 0:00,1,Medium,Sweden,Motorcycles,4597.65,1,4597.65
2005,3/3/2005 0:00,1,Medium,Sweden,Motorcycles,6981.0,1,6981.0
2005,3/3/2005 0:00,1,Medium,USA,Motorcycles,3207.12,1,3207.12
2005,3/3/2005 0:00,1,Medium,USA,Motorcycles,5951.44,1,5951.44
2005,3/3/2005 0:00,1,Medium,USA,Vintage Cars,3211.38,1,3211.38
2005,3/3/2005 0:00,1,Medium,USA,Vintage Cars,3918.95,1,3918.95
2005,3/3/2005 0:00,1,Small,Sweden,Classic Cars,1809.5,1,1809.5
2005,3/3/2005 0:00,1,Small,Sweden,Classic Cars,2529.36,1,2529.36
2005,3/3/2005 0:00,1,Small,Sweden,Classic Cars,2575.04,1,2575.04
2005,3/3/2005 0:00,1,Small,USA,Motorcycles,1822.17,1,1822.17
2005,3/3/2005 0:00,1,Small,USA,Motorcycles,2225.5,1,2225.5
2005,3/30/2005 0:00,1,Medium,France,Planes,3144.96,1,3144.96
2005,3/30/2005 0:00,1,Medium,France,Planes,3521.25,1,3521.25
2005,3/30/2005 0:00,1,Medium,France,Planes,4121.43,1,4121.43
2005,3/30/2005 0:00,1,Medium,France,Planes,4215.09,1,4215.09
2005,3/30/2005 0:00,1,Medium,France,Planes,5552.16,1,5552.16
2005,3/30/2005 0:00,1,Medium,France,Ships,3910.32,1,3910.32
2005,3/30/2005 0:00,1,Medium,France,Vintage Cars,4811.85,1,4811.85
2005,3/30/2005 0:00,1,Small,France,Planes,1367.48,1,1367.48
2005,3/30/2005 0:00,1,Small,France,Planes,1611.4,1,1611.4
2005,3/30/2005 0:00,1,Small,France,Planes,1902.4,1,1902.4
2005,3/30/2005 0:00,1,Small,France,Planes,1908.72,1,1908.72
2005,3/30/2005 0:00,1,Small,France,Planes,2613.92,1,2613.92
2005,3/30/2005 0:00,1,Small,France,Planes,2797.84,1,2797.84
2005,3/30/2005 0:00,1,Small,France,Planes,2810.83,1,2810.83
2005,3/30/2005 0:00,1,Small,France,Ships,2023.28,1,2023.28
2005,3/30/2005 0:00,1,Small,France,Vintage Cars,1483.02,1,1483.02
2005,3/30/2005 0:00,1,Small,France,Vintage Cars,1796.34,1,1796.34
2005,3/30/2005 0:00,1,Small,France,Vintage Cars,2436.78,1,2436.78
2005,3/4/2005 0:00,1,Large,USA,Classic Cars,7397.0,1,7397.0
2005,3/4/2005 0:00,1,Medium,USA,Classic Cars,3375.72,1,3375.72
2005,3/4/2005 0:00,1,Medium,USA,Classic Cars,4894.73,1,4894.73
2005,3/4/2005 0:00,1,Medium,USA,Classic Cars,5491.6,1,5491.6
2005,3/4/2005 0:00,1,Medium,USA,Classic Cars,6763.05,1,6763.05
2005,3/4/2005 0:00,1,Medium,USA,Classic Cars,6862.94,1,6862.94
2005,3/4/2005 0:00,1,Medium,USA,Motorcycles,3491.18,1,3491.18
2005,3/4/2005 0:00,1,Medium,USA,Motorcycles,5079.96,1,5079.96
2005,3/4/2005 0:00,1,Medium,USA,Vintage Cars,3068.69,1,3068.69
2005,3/4/2005 0:00,1,Small,USA,Classic Cars,1463.7,1,1463.7
2005,3/4/2005 0:00,1,Small,USA,Classic Cars,2430.64,1,2430.64
2005,3/4/2005 0:00,1,Small,USA,Classic Cars,2472.6,1,2472.6
2005,3/4/2005 0:00,1,Small,USA,Motorcycles,1826.96,1,1826.96
2005,3/4/2005 0:00,1,Small,USA,Motorcycles,2204.1,1,2204.1
2005,3/4/2005 0:00,1,Small,USA,Motorcycles,2279.55,1,2279.55
2005,3/4/2005 0:00,1,Small,USA,Vintage Cars,2030.86,1,2030.86
2005,4/1/2005 0:00,2,Large,USA,Classic Cars,9661.44,1,9661.44
2005,4/1/2005 0:00,2,Large,USA,Vintage Cars,7307.42,1,7307.42
2005,4/1/2005 0:00,2,Medium,USA,Planes,6433.82,1,6433.82
2005,4/1/2005 0:00,2,Medium,USA,Ships,4038.8,1,4038.8
2005,4/1/2005 0:00,2,Medium,USA,Vintage Cars,3064.32,1,3064.32
2005,4/1/2005 0:00,2,Small,USA,Planes,1122.4,1,1122.4
2005,4/1/2005 0:00,2,Small,USA,Planes,1479.84,1,1479.84
2005,4/1/2005 0:00,2,Small,USA,Ships,2245.2,1,2245.2
2005,4/1/2005 0:00,2,Small,USA,Vintage Cars,2173.6,1,2173.6
2005,4/15/2005 0:00,2,Large,Denmark,Classic Cars,7169.28,1,7169.28
2005,4/15/2005 0:00,2,Large,Denmark,Classic Cars,8374.69,1,8374.69
2005,4/15/2005 0:00,2,Large,Denmark,Classic Cars,10468.9,1,10468.9
2005,4/22/2005 0:00,2,Large,USA,Classic Cars,7048.14,1,7048.14
2005,4/22/2005 0:00,2,Large,USA,Classic Cars,7182.0,1,7182.0
2005,4/22/2005 0:00,2,Large,USA,Vintage Cars,14082.8,1,14082.8
2005,4/22/2005 0:00,2,Medium,USA,Classic Cars,3729.39,1,3729.39
2005,4/22/2005 0:00,2,Medium,USA,Classic Cars,4421.34,1,4421.34
2005,4/22/2005 0:00,2,Medium,USA,Classic Cars,5820.35,1,5820.35
2005,4/22/2005 0:00,2,Medium,USA,Classic Cars,6386.16,1,6386.16
2005,4/22/2005 0:00,2,Medium,USA,Vintage Cars,3051.3,1,3051.3
2005,4/22/2005 0:00,2,Small,USA,Classic Cars,1057.29,1,1057.29
2005,4/22/2005 0:00,2,Small,USA,Classic Cars,1987.18,1,1987.18
2005,4/22/2005 0:00,2,Small,USA,Classic Cars,2576.0,1,2576.0
2005,4/22/2005 0:00,2,Small,USA,Vintage Cars,541.14,1,541.14
2005,4/23/2005 0:00,2,Small,Singapore,Vintage Cars,785.64,1,785.64
2005,4/23/2005 0:00,2,Small,Singapore,Vintage Cars,1801.94,1,1801.94
2005,4/3/2005 0:00,2,Large,USA,Planes,7084.0,1,7084.0
2005,4/3/2005 0:00,2,Large,USA,Planes,7543.75,1,7543.75
2005,4/3/2005 0:00,2,Medium,USA,Motorcycles,4992.61,1,4992.61
2005,4/3/2005 0:00,2,Medium,USA,Planes,3193.26,1,3193.26
2005,4/3/2005 0:00,2,Medium,USA,Planes,3659.02,1,3659.02
2005,4/3/2005 0:00,2,Medium,USA,Planes,3843.2,1,3843.2
2005,4/3/2005 0:00,2,Medium,USA,Planes,4219.28,1,4219.28
2005,4/3/2005 0:00,2,Medium,USA,Vintage Cars,4819.26,1,4819.26
2005,4/3/2005 0:00,2,Small,USA,Planes,1135.31,1,1135.31
2005,4/3/2005 0:00,2,Small,USA,Planes,2018.31,1,2018.31
2005,4/3/2005 0:00,2,Small,USA,Planes,2031.4,1,2031.4
2005,4/3/2005 0:00,2,Small,USA,Vintage Cars,1979.6,1,1979.6
2005,5/1/2005 0:00,2,Medium,Canada,Classic Cars,3576.8,1,3576.8
2005,5/1/2005 0:00,2,Medium,Canada,Classic Cars,4140.23,1,4140.23
2005,5/1/2005 0:00,2,Medium,Canada,Classic Cars,4427.73,1,4427.73
2005,5/1/2005 0:00,2,Medium,Canada,Trucks and Buses,3213.0,1,3213.0
2005,5/1/2005 0:00,2,Medium,Canada,Trucks and Buses,5235.72,1,5235.72
2005,5/1/2005 0:00,2,Medium,Canada,Trucks and Buses,6232.0,1,6232.0
2005,5/1/2005 0:00,2,Small,Canada,Trucks and Buses,1867.32,1,1867.32
2005,5/1/2005 0:00,2,Small,Canada,Trucks and Buses,2904.72,1,2904.72
2005,5/1/2005 0:00,2,Small,Canada,Vintage Cars,2095.45,1,2095.45
2005,5/10/2005 0:00,2,Medium,Italy,Motorcycles,4764.6,1,4764.6
2005,5/10/2005 0:00,2,Medium,Italy,Planes,3581.76,1,3581.76
2005,5/10/2005 0:00,2,Medium,Italy,Planes,4165.61,1,4165.61
2005,5/10/2005 0:00,2,Medium,Italy,Planes,4352.16,1,4352.16
2005,5/10/2005 0:00,2,Medium,Italy,Planes,5642.83,1,5642.83
2005,5/10/2005 0:00,2,Small,Italy,Motorcycles,2803.2,1,2803.2
2005,5/10/2005 0:00,2,Small,Italy,Planes,1351.08,1,1351.08
2005,5/10/2005 0:00,2,Small,Italy,Planes,1482.6,1,1482.6
2005,5/10/2005 0:00,2,Small,Italy,Planes,2100.82,1,2100.82
2005,5/10/2005 0:00,2,Small,Italy,Planes,2457.18,1,2457.18
2005,5/10/2005 0:00,2,Small,Italy,Planes,2620.8,1,2620.8
2005,5/10/2005 0:00,2,Small,Italy,Planes,2674.17,1,2674.17
2005,5/10/2005 0:00,2,Small,Italy,Vintage Cars,1591.72,1,1591.72
2005,5/10/2005 0:00,2,Small,Italy,Vintage Cars,1921.41,1,1921.41
2005,5/17/2005 0:00,2,Large,Austria,Classic Cars,7695.6,1,7695.6
2005,5/17/2005 0:00,2,Large,Austria,Classic Cars,9240.0,1,9240.0
2005,5/17/2005 0:00,2,Medium,Austria,Classic Cars,3065.78,1,3065.78
2005,5/17/2005 0:00,2,Medium,Austria,Classic Cars,3273.27,1,3273.27
2005,5/17/2005 0:00,2,Medium,Austria,Classic Cars,3832.64,1,3832.64
2005,5/17/2005 0:00,2,Medium,Austria,Classic Cars,4464.24,1,4464.24
2005,5/17/2005 0:00,2,Medium,Austria,Classic Cars,4594.76,1,4594.76
2005,5/17/2005 0:00,2,Medium,Austria,Classic Cars,5202.94,1,5202.94
2005,5/17/2005 0:00,2,Medium,Austria,Classic Cars,5589.14,1,5589.14
2005,5/17/2005 0:00,2,Medium,Austria,Classic Cars,5926.9,1,5926.9
2005,5/17/2005 0:00,2,Small,Austria,Classic Cars,640.05,1,640.05
2005,5/17/2005 0:00,2,Small,Austria,Classic Cars,1092.2,1,1092.2
2005,5/17/2005 0:00,2,Small,Austria,Classic Cars,1961.28,1,1961.28
2005,5/17/2005 0:00,2,Small,Austria,Classic Cars,2896.3,1,2896.3
2005,5/29/2005 0:00,2,Medium,USA,Vintage Cars,5433.75,1,5433.75
2005,5/29/2005 0:00,2,Small,USA,Vintage Cars,1828.0,1,1828.0
2005,5/30/2005 0:00,2,Medium,USA,Vintage Cars,4873.05,1,4873.05
2005,5/30/2005 0:00,2,Small,Belgium,Vintage Cars,881.4,1,881.4
2005,5/30/2005 0:00,2,Small,Belgium,Vintage Cars,1665.32,1,1665.32
2005,5/30/2005 0:00,2,Small,Belgium,Vintage Cars,1781.22,1,1781.22
2005,5/30/2005 0:00,2,Small,Belgium,Vintage Cars,1875.09,1,1875.09
2005,5/30/2005 0:00,2,Small,Belgium,Vintage Cars,2208.92,1,2208.92
2005,5/30/2005 0:00,2,Small,USA,Vintage Cars,1293.75,1,1293.75
2005,5/5/2005 0:00,2,Large,USA,Classic Cars,8236.75,1,8236.75
2005,5/5/2005 0:00,2,Large,USA,Classic Cars,8677.8,1,8677.8
2005,5/5/2005 0:00,2,Medium,USA,Classic Cars,3387.78,1,3387.78
2005,5/5/2005 0:00,2,Medium,USA,Classic Cars,6896.75,1,6896.75
2005,5/5/2005 0:00,2,Medium,USA,Trains,3256.35,1,3256.35
2005,5/5/2005 0:00,2,Small,USA,Trains,1193.04,1,1193.04
2005,5/6/2005 0:00,2,Medium,USA,Ships,3029.04,1,3029.04
2005,5/6/2005 0:00,2,Medium,USA,Ships,3079.44,1,3079.44
2005,5/6/2005 0:00,2,Medium,USA,Ships,3255.12,1,3255.12
2005,5/6/2005 0:00,2,Medium,USA,Ships,3335.23,1,3335.23
2005,5/6/2005 0:00,2,Medium,USA,Ships,3533.62,1,3533.62
2005,5/6/2005 0:00,2,Medium,USA,Trains,5808.48,1,5808.48
2005,5/6/2005 0:00,2,Medium,USA,Vintage Cars,3891.81,1,3891.81
2005,5/6/2005 0:00,2,Medium,USA,Vintage Cars,4872.03,1,4872.03
2005,5/6/2005 0:00,2,Medium,USA,Vintage Cars,6107.4,1,6107.4
2005,5/6/2005 0:00,2,Small,USA,Classic Cars,2764.88,1,2764.88
2005,5/6/2005 0:00,2,Small,USA,Ships,2352.59,1,2352.59
2005,5/6/2005 0:00,2,Small,USA,Ships,2439.99,1,2439.99
2005,5/6/2005 0:00,2,Small,USA,Ships,2639.58,1,2639.58
2005,5/6/2005 0:00,2,Small,USA,Vintage Cars,1207.68,1,1207.68
